id,name,type,distance,month,year,total_elevation_gain,has_heartrate,average_heartrate,average_speed,moving_time
6628382603,VRC Flight Crew,Run,10.967,02,2022,44.8,True,171.2,3.257,3367
6625661406,Lunch Run,Run,2.322,02,2022,34.4,True,171.4,2.713,856
6617253907,Ride with Max,Ride,44.903,02,2022,281.4,True,126.1,6.37,7049
6611776705,Roomie run,Run,6.291,01,2022,68.5,True,163.3,2.67,2356
6601911893,Garibaldi ,Hike,20.884,01,2022,998.2,True,120.2,1.086,19232
6596661234,Comeback baby! First 10k since July,Run,10.054,01,2022,211.4,True,169.0,2.687,3742
6587895738,Part âœŒğŸ¼ ,NordicSki,9.038,01,2022,182.9,True,172.7,3.554,2543
6587730829,Work hard play hard ,NordicSki,15.95,01,2022,328.2,True,140.8,3.829,4166
6581065440,Lunch Run,Run,4.879,01,2022,31.3,True,159.4,2.964,1646
6576959237,Knee update: not too shabby,Run,5.711,01,2022,65.2,True,164.3,3.228,1769
6574987764,A success story,Hike,7.19,01,2022,206.0,True,133.3,1.393,5160
6572147510,BEST HIKE EVER,Hike,5.135,01,2022,77.5,True,124.4,1.037,4952
6570799711,Wears sunglasses in the fog so she actually can't see,Ride,28.19,01,2022,228.4,True,117.0,6.148,4585
6564416797,Morning Ride,Ride,13.378,01,2022,107.0,True,116.3,6.064,2206
6560485229,BSP Safety Check for UBC Tri,Ride,12.762,01,2022,138.8,True,128.9,5.785,2206
6558955571,Hayley & I run,Run,8.475,01,2022,55.5,True,167.9,2.8,3027
6550578829,Pure freestyle,Swim,1.3,01,2022,0.0,False,0.0,0.794,1638
6545031408,Run without Sheetal ğŸ¥²,Run,4.328,01,2022,38.4,True,170.0,3.18,1361
6540442349,Run with Sheetal,Run,7.038,01,2022,75.3,True,164.0,2.897,2429
6536065417,Seymour,Hike,9.616,01,2022,635.3,True,125.3,0.992,9698
6529244816,Run with Christina,Run,6.291,01,2022,69.6,True,172.0,3.011,2089
6515046498,Back in chlorine,Swim,1.2,01,2022,0.0,False,0.0,0.86,1396
6509328716,Rain making the ice icy ğŸŒ§ ,Run,5.434,01,2022,41.2,True,171.0,2.611,2081
6507756960,Afternoon Run,Run,5.17,01,2022,86.9,True,161.6,2.731,1893
6499302681,Joffre lakes!,Hike,8.532,01,2022,372.6,True,116.2,0.922,9250
6493584965,Cool down,NordicSki,6.378,01,2022,128.6,True,157.9,2.81,2270
6493252039,They donâ€™t make hills like these in Ontario,NordicSki,17.949,01,2022,387.3,True,145.0,3.149,5699
6488972420,Roomie run with special guest,Run,4.937,01,2022,36.5,True,154.4,2.412,2047
6481958792,22km for 2022 ğŸ‰ ,NordicSki,22.196,01,2022,176.3,True,87.6,3.233,6866
6477307465,Spirit Rock Walk,Hike,4.479,01,2022,44.9,True,124.3,1.08,4147
6477251824,Afternoon Run,Run,4.163,01,2022,22.3,True,171.2,3.23,1289
6471914017,Walk in Shallow Lake,Hike,4.574,01,2022,12.1,True,147.8,1.361,3361
6468509184,Data Collection Part 2,Run,1.695,01,2022,6.9,True,164.8,3.18,533
6468508817,Data Collection Part 1,Run,1.042,01,2022,6.5,True,170.5,3.216,324
6467266509,Hike + coffee w/ MUM! ,Hike,4.654,01,2022,25.5,True,142.3,1.202,3873
6463585940,Afternoon Run,Run,4.056,01,2022,18.5,True,165.7,3.154,1286
6457571849,Afternoon Run,Run,3.851,01,2022,18.5,True,167.2,2.983,1291
6457571065,Morning Activity,WeightTraining,0.0,12,2021,0.0,True,120.3,0.0,3734
6444406522,Afternoon Run,Run,1.864,12,2021,5.6,True,167.7,3.107,600
6439479973,Cuba Special ğŸŒ´,Run,3.402,12,2021,16.6,True,167.6,3.176,1071
6430696179,Afternoon Run,Run,2.834,12,2021,16.3,True,170.0,3.118,909
6426981895,Afternoon Run,Run,3.003,12,2021,14.6,True,167.3,3.168,948
6423426736,Another one with KK,NordicSki,9.592,12,2021,104.4,True,102.1,2.981,3218
6419914978,Ski with Kathryn,NordicSki,10.154,12,2021,122.5,True,133.5,2.82,3601
6419352250,Annual Christmas Jog,Run,2.87,12,2021,14.6,True,169.5,2.99,960
6408215115,Lunch Run,Run,2.217,12,2021,35.0,True,162.2,2.976,745
6405392523,Afternoon Run,Run,2.233,12,2021,36.8,True,159.8,3.034,736
6405392388,Afternoon Run,Run,2.272,12,2021,37.5,True,166.4,3.1,733
6392608656,Afternoon Run,Run,2.292,12,2021,37.3,True,169.9,3.131,732
6389461516,Correlation or causation? ,NordicSki,17.088,12,2021,277.5,True,122.4,3.207,5328
6385283787,Afternoon Run,Run,2.308,12,2021,37.4,True,165.7,2.647,872
6385283514,Evening Ride,Ride,0.0,12,2021,0.0,True,136.3,0.0,3602
6385283278,Afternoon Run,Run,2.196,12,2021,35.0,True,162.5,3.046,721
6360365287,Lunch Ride,Ride,27.468,12,2021,277.8,True,129.6,6.011,4570
6360354660,Evening Ride,Ride,0.0,12,2021,0.0,True,121.4,0.0,2993
6348631957,Squad walk,Hike,12.005,12,2021,169.5,True,127.6,1.378,8710
6344109726,Part 2 but faster,NordicSki,10.68,12,2021,252.4,True,121.1,3.266,3270
6343818540,Callaghan valley! â›„ï¸ ,NordicSki,10.989,12,2021,262.5,True,145.6,3.094,3552
6338400453,Wow the wind... lol,Ride,27.157,12,2021,263.8,True,128.7,6.397,4245
6330225221,Morning Swim,Swim,1.1,12,2021,0.0,False,0.0,0.703,1565
6311189881,Ride with Bridget ,Ride,42.994,11,2021,268.5,True,131.9,6.581,6533
6301398088,Afternoon Ride,Ride,27.408,11,2021,276.5,True,108.3,6.133,4469
6290626148,Old news?,Ride,38.9037,11,2021,404.8,False,0.0,5.816,6689
6299178407,Morning Ride,Ride,3.435,11,2021,18.5,True,158.9,7.34,468
6285489640,Skills lab UBC Cycling,Ride,23.099,11,2021,264.3,False,0.0,7.634,3026
6330134244,Morning Swim,Swim,1.1,11,2021,0.0,False,0.0,0.685,1605
6253956618,Mt. Brunswick!,Hike,16.492,11,2021,1436.4,True,128.1,1.019,16180
6244938734,Lunch Ride,Ride,27.958,11,2021,275.2,True,125.1,6.149,4547
6230955620,Afternoon Swim,Swim,1.3,11,2021,0.0,False,0.0,0.719,1809
6221886264,"No snowshoes, flat tire, leaking water",Hike,15.152,11,2021,590.8,False,0.0,1.14,13295
6221874651,Afternoon Run,Run,1.466,11,2021,21.1,True,65.0,3.086,475
6230955280,Morning Swim,Swim,1.2,11,2021,0.0,False,0.0,0.736,1630
6221875368,Evening Ride,Ride,0.0,11,2021,0.0,True,130.5,0.0,4039
6221874923,Afternoon Run,Run,1.476,10,2021,57.3,True,161.6,2.416,611
6190085589,Spoookyy hike! ğŸ‘» ,Hike,7.6051,10,2021,480.2,False,0.0,0.895,8500
6189037918,UBC Group Ride ,Ride,71.428,10,2021,852.5,True,117.6,6.814,10483
6189037581,Afternoon Ride,Ride,0.0,10,2021,0.0,True,106.2,0.0,3145
6175080562,Why did the turtle hop in the fast lane.. ,Swim,1.1,10,2021,0.0,False,0.0,0.793,1387
6169638892,Night Ride,Ride,0.0,10,2021,0.0,True,144.9,0.0,4159
6156466436,UBC Group ride ğŸš² ,Ride,51.535,10,2021,348.7,True,111.2,7.173,7185
6143412895,WMS 3,Swim,1.225,10,2021,0.0,False,0.0,0.753,1627
6138521917,Hill(z?) + ğŸ© !!,Ride,30.73,10,2021,306.5,True,100.0,6.255,4913
6133902882,Afternoon Ride,Ride,31.354,10,2021,251.9,True,137.8,6.864,4568
6131529053,FTP Test,Ride,0.0,10,2021,0.0,True,135.4,0.0,2431
6127159432,Evening Swim,Swim,1.275,10,2021,0.0,False,0.0,0.763,1670
6131528467,Knee hurts so bad ğŸ¥²,Run,2.766,10,2021,22.8,True,171.9,3.183,869
6114707895,Evening Run,Run,1.762,10,2021,20.6,True,100.5,2.874,613
6114707741,Afternoon Run,Run,1.743,10,2021,18.1,True,145.0,3.129,557
6104775983,Afternoon Run,Run,1.552,10,2021,28.8,True,165.9,3.055,508
6104775469,Morning Ride,Ride,32.381,10,2021,456.1,True,128.6,5.733,5648
6097923331,Felt sick ğŸ¤’ ,Ride,60.909,10,2021,650.0,True,126.4,6.368,9565
6097904325,Afternoon Ride,Ride,32.438,10,2021,405.7,True,110.8,4.898,6623
6079467873,Afternoon Ride,Ride,31.324,10,2021,251.7,True,117.8,7.135,4390
6074815265,Picked up a capo for my NEW GUITAR!! ğŸ¥³,Run,1.81,10,2021,25.4,True,167.6,3.094,585
6074814808,Road to recovery,Run,1.425,10,2021,15.7,True,168.0,2.969,480
6064648762,Favourite pastime: passing cars on SW marine during rush hour ,Ride,31.869,10,2021,250.7,True,125.5,7.474,4264
6060585136,â€œGroup runâ€,Run,0.867,10,2021,5.3,False,0.0,3.042,285
6048101961,Iona 50k ,Ride,50.983,10,2021,314.7,True,122.0,6.544,7791
6045858480,I love a good swim ,Ride,21.4023,09,2021,157.1,False,0.0,6.124,3495
6038901680,"Ladder Down, Effort Up I",Swim,1.2,09,2021,0.0,False,0.0,0.799,1502
6035587152,Afternoon Ride,Ride,26.2748,09,2021,188.1,False,0.0,7.649,3435
6030293102,Spin class,Ride,0.0,09,2021,0.0,True,119.3,0.0,2356
6030401608,UBC Cycling Tryout SB x3,Ride,18.0807,09,2021,241.8,False,0.0,6.699,2699
6018558812,UBC Cycling tryouts ğŸ¥³,Ride,59.31,09,2021,557.8,True,112.9,7.117,8333
6013446731,UBC Cycling Tryout Time Trial Attempt #2,Ride,30.075400000000002,09,2021,245.0,False,0.0,6.863,4382
6009121144,Afternoon Run,Run,1.153,09,2021,12.9,True,177.4,3.194,361
6007060173,Cool down ,Ride,17.02,09,2021,186.7,True,126.8,5.577,3052
6006712376,UBC Cycling Tryout Time Trial Attempt #1,Ride,10.068100000000001,09,2021,29.6,False,0.0,10.038,1003
6006624161,Warm up,Ride,9.5894,09,2021,84.9,False,0.0,6.351,1510
6001688437,Pre school swim,Swim,1.225,09,2021,0.0,False,0.0,0.726,1687
5998908370,Watts of watts,Ride,51.597,09,2021,323.8,True,120.7,7.529,6853
5998904041,Afternoon Ride,Ride,13.22,09,2021,82.4,True,91.2,4.186,3158
5998901150,Sad ride :(,Ride,15.063,09,2021,141.1,True,134.0,5.669,2657
5967942314,Afternoon Hike,Hike,11.344,09,2021,540.9,True,132.3,1.135,9993
5967935926,ARS Week 2 Run 1,Run,5.007,09,2021,18.9,True,172.6,2.913,1719
5956889026,Evening Ride,Ride,0.0,09,2021,0.0,True,132.3,0.0,3584
5956887896,Evening Run,Run,4.119,09,2021,0.0,True,167.3,2.965,1389
5951398490,Grinding up grouse! ,Hike,2.103,09,2021,793.8,False,0.0,0.726,2897
5956887459,Afternoon Hike,Hike,2.716,09,2021,74.4,True,116.7,1.279,2124
5944558897,Showing Allison around Stanley,Ride,29.1695,09,2021,185.8,False,0.0,4.132,7060
5956863059,Afternoon Ride,Ride,15.004,09,2021,83.6,True,79.3,5.926,2532
5935341709,ARS Week 1 Run 3,Run,8.789,09,2021,31.9,True,164.5,2.986,2943
5929625418,ARS week 1 run 2,Run,5.021,09,2021,38.5,True,178.6,3.2,1569
5923494690,Morning Ride,Ride,66.28,09,2021,772.0,True,107.5,5.465,12129
5918064435,ARS week 1 run 1,Run,8.042,09,2021,47.4,True,159.6,3.236,2485
5910604768,Morning Run,Run,5.064,09,2021,22.7,True,170.1,3.027,1673
5905757835,Hometown tour ,Ride,18.312,09,2021,73.3,True,67.6,4.492,4077
5903389271,Morning Run,Run,5.219,09,2021,24.0,True,162.3,3.022,1727
5903377639,The Crack ğŸª¨ ,Hike,8.476,09,2021,202.5,True,137.3,1.155,7337
5903363372,Morning Run,Run,5.013,08,2021,28.2,True,160.8,2.835,1768
5869753774,Evening Ride,Ride,7.516,08,2021,40.6,True,83.3,4.608,1631
5869753393,Lunch Ride,Ride,18.751,08,2021,82.1,True,82.5,3.883,4829
5869750680,Morning Ride,Ride,29.689,08,2021,221.0,True,83.4,5.891,5040
5864161907,Afternoon Ride,Ride,22.201,08,2021,186.2,True,80.3,6.268,3542
5869756664,Commute to work!,Ride,16.0,08,2021,0.0,False,0.0,5.556,2880
5869757862,Earnest ice-cream ,Ride,16.0,08,2021,0.0,False,0.0,6.112,2618
5848513690,Picking up my Nike shoes!,Ride,33.884,08,2021,342.2,True,106.1,5.945,5700
5848511490,Knee still hurtingâ€¦ argâ€¦.,Run,5.004,08,2021,45.5,True,169.4,2.859,1750
5841560427,Racing the â° ,Swim,1.5,08,2021,0.0,False,0.0,0.871,1722
5842331120,Lunch Ride,Ride,35.089,08,2021,314.2,True,88.0,5.785,6066
5837402488,Birthday Adventure! ,Kayaking,36.383,08,2021,36.6,False,0.0,1.656,21977
5826125002,Afternoon Run,Run,5.389,08,2021,58.9,True,169.7,3.022,1783
5826123910,Morning Ride,Ride,28.859,08,2021,219.4,True,84.4,6.708,4302
5821151863,Afternoon Ride,Ride,20.624,08,2021,177.2,True,117.1,6.694,3081
5815991494,Afternoon Ride,Ride,30.015,08,2021,288.5,True,89.7,5.257,5709
5815962737,Lunch Run,Run,5.004,08,2021,56.4,True,170.1,2.94,1702
5810349757,Road to Sheetalâ€™s mile PRğŸ‰,Run,0.909,08,2021,0.0,True,121.9,3.756,242
5810349865,Afternoon Run,Run,3.576,08,2021,41.9,True,139.4,2.87,1246
5804573524,Form testing,Swim,1.05,08,2021,0.0,False,0.0,0.833,1260
5810349102,Morning Ride,Ride,8.461,08,2021,63.2,True,95.7,4.995,1694
5799437909,Lunch Ride,Ride,52.514,08,2021,461.6,True,105.4,6.097,8613
5792573625,VOWSA swim relay,Swim,1.543,08,2021,0.0,True,176.8,0.704,2193
5792572089,Morning Ride,Ride,4.921,08,2021,16.9,True,89.0,4.901,1004
5786469116,AEGIS Run Study Run Challenge,Run,6.171,08,2021,110.1,True,170.6,3.028,2038
5786464961,Afternoon Ride,Ride,18.451,08,2021,213.1,True,122.4,4.472,4126
5786455494,The one and only OFFICE ğŸ™ŒğŸ¼ WORKğŸ™ŒğŸ¼COMMUTEğŸ™ŒğŸ¼,Ride,7.502,08,2021,54.7,True,86.7,5.09,1474
5778450720,FORM social ride ğŸ™‚,Ride,39.349,08,2021,390.7,True,106.6,6.109,6441
5772514460,AEGIS Run Study Run Challenge,Run,5.477,08,2021,15.1,True,173.5,3.646,1502
5772513245,Run to get raspberries fruitğŸ,Run,3.07,08,2021,31.7,True,164.6,3.4,903
5766016703,Form testing ,Swim,1.4,08,2021,0.0,False,0.0,0.833,1680
5766673516,40k in tevas and clipless pedalsğŸ¥´,Ride,42.542,08,2021,399.0,True,109.1,5.856,7265
5762146992,Afternoon Ride,Ride,15.863,08,2021,132.9,True,102.8,6.073,2612
5762145378,Afternoon Ride,Ride,23.115,08,2021,274.3,True,77.3,5.087,4544
5756423327,Evening Hike,Hike,5.469,08,2021,633.2,True,140.3,0.879,6222
5755613812,Afternoon Swim,Swim,0.0,08,2021,0.0,True,192.6,0.0,23
5755614618,Day trip dip,Swim,2.095,08,2021,5.6,True,174.1,0.626,3349
5750823977,Afternoon Ride,Ride,24.846,08,2021,239.8,True,80.8,4.968,5001
5750821370,Lunch Run,Run,2.118,08,2021,10.1,True,163.6,3.07,690
5745197841,Lunch Run,Run,5.168,08,2021,55.1,True,167.7,2.844,1817
5740819174,Evening Run,Run,3.824,08,2021,27.8,True,164.5,2.912,1313
5739625377,Lunch Run,Run,5.11,08,2021,54.0,True,175.2,3.446,1483
5734075950,Lunch Run,Run,4.892,08,2021,49.4,True,162.7,3.02,1620
5728686631,Horseshoe ride with people,Ride,72.65,08,2021,929.7,True,131.0,6.617,10979
5722615150,Morning Activity,Swim,0.507,08,2021,0.0,True,69.9,0.784,647
5722615985,Paddle board back from campsite ,StandUpPaddling,4.65,08,2021,3.4,True,69.4,0.943,4931
5722612300,Widgeon Falls,Hike,8.376,07,2021,165.8,True,132.0,1.147,7305
5722603055,Lunch Activity,StandUpPaddling,4.82,07,2021,6.1,True,83.4,0.786,6136
5708182512,Lunch Ride,Ride,40.807,07,2021,451.3,True,129.6,5.766,7077
5708178676,Morning Activity,Swim,1.645,07,2021,6.3,True,55.3,0.926,1776
5708177998,Morning Ride,Ride,40.638,07,2021,432.4,True,93.9,5.737,7083
5708173096,Lunch Run,Run,5.212,07,2021,55.2,True,163.6,2.899,1798
5698436206,To the grocery store ,Run,4.354,07,2021,24.1,True,165.8,2.816,1546
5697228787,Lunch Run,Run,5.196,07,2021,55.6,True,165.0,2.952,1760
5696754352,Afternoon Swim,Swim,0.35,07,2021,0.0,False,0.0,0.941,372
5691844179,Afternoon Swim,Swim,0.2,07,2021,0.0,True,118.4,0.678,295
5692633301,HR testing,Swim,0.9,07,2021,0.0,False,0.0,0.833,1080
5691812704,Afternoon Swim,Swim,0.5,07,2021,0.0,True,111.4,0.929,538
5692627952,Afternoon Ride,Ride,8.595,07,2021,114.0,True,129.4,4.679,1837
5692626761,Lunch Ride,Ride,8.56,07,2021,64.5,True,90.8,5.445,1572
5690511070,Morning run in Ukee! ,Run,11.657,07,2021,180.0,True,157.7,2.745,4247
5690504766,Tofino brewery ğŸ» ,Run,12.361,07,2021,179.0,True,166.9,2.765,4471
5674766000,Ran to township coffee,Run,8.384,07,2021,65.1,True,168.4,3.014,2782
5672181069,Thetis Swim! ,Swim,1.548,07,2021,0.0,False,0.0,0.64,2419
5674763510,Lunch Run,Run,5.149,07,2021,55.9,True,151.4,3.167,1626
5661210208,Ride with alejandro ,Ride,48.442,07,2021,480.2,True,95.6,6.943,6977
5664195368,HR testing ,Swim,0.55,07,2021,0.0,False,0.0,0.73,753
5664213380,Afternoon Swim,Swim,0.0,07,2021,0.0,False,0.0,0.0,371
5664213389,Afternoon Swim,Swim,0.0,07,2021,0.0,False,0.0,0.0,365
5654237029,Testing part 2,Swim,0.4,07,2021,0.0,True,121.5,0.858,466
5654164615,Testing!,Swim,0.7,07,2021,0.0,True,118.7,0.92,761
5654938615,So many detours ,Ride,39.915,07,2021,389.5,True,111.3,5.718,6981
5649204609,Morning Ride,Ride,43.189,07,2021,449.7,True,114.0,6.328,6825
5644380333,Paddle boarding â˜€ï¸ğŸ˜,StandUpPaddling,4.93,07,2021,3.1,True,70.8,0.878,5616
5643519922,Those dang curbs ,Ride,75.104,07,2021,737.6,True,83.0,6.497,11560
5633769840,Lunch Run,Run,5.192,07,2021,55.8,True,170.8,3.015,1722
5632039811,Morning Ride,Ride,36.187,07,2021,367.2,True,95.0,6.316,5729
5629279574,Afternoon Ride,Ride,27.567,07,2021,270.1,True,106.4,6.78,4066
5623861871,Afternoon Run,Run,3.32,07,2021,17.5,True,136.7,2.821,1177
5623861215,Lunch Run,Run,5.146,07,2021,55.4,True,143.4,2.981,1726
5618254272,Afternoon Ride,Ride,6.357,07,2021,37.9,True,103.0,4.882,1302
5617396808,â€œThe future of swim is nowâ€ - Erica,Swim,1.0,07,2021,0.0,False,0.0,0.866,1155
5618253395,Work commute,Ride,39.378,07,2021,370.0,True,115.4,5.748,6851
5613672299,Ride home! + tour of Sidney ,Ride,30.702,07,2021,105.6,True,98.9,6.595,4655
5608122196,Missed kms,Ride,6.837,07,2021,27.7,True,87.0,6.39,1070
5607559847,Beach swim on Galiano! ,Swim,0.552,07,2021,4.8,True,118.4,0.345,1598
5608235967,Galiano beach day,Ride,73.072,07,2021,612.3,False,0.0,6.048,12083
5606416304,Evening Ride,Ride,30.033,07,2021,140.5,True,89.9,6.021,4988
5602057744,Afternoon Ride,Ride,14.193,07,2021,100.4,True,142.3,7.415,1914
5602054098,Lunch Run,Run,5.171,07,2021,53.4,True,167.7,3.017,1714
5596689955,Lunch Run,Run,5.171,07,2021,55.0,True,166.6,2.979,1736
5591429936,Lunch Run w/ sheetal,Run,5.249,07,2021,54.9,True,156.7,2.83,1855
5589916936,Ride with alejandro ,Ride,37.941,07,2021,379.7,True,103.3,6.715,5650
5589722332,Lunch Run with Jessie,Run,5.221,07,2021,54.9,True,172.0,2.992,1745
5581992734,After work ride with Jessie! ,Ride,28.386,07,2021,271.0,True,83.9,5.86,4844
5581003233,Lunch Run,Run,5.173,07,2021,54.8,True,171.0,3.158,1638
5576734106,Spontaneous trip to the GreatğŸ™ŒğŸ¼ NewğŸ™ŒğŸ¼ WestğŸ™ŒğŸ¼,Ride,35.397,07,2021,148.9,False,0.0,4.297,8238
5576091222,Ride to the ferry! ,Ride,9.597,07,2021,217.0,False,0.0,3.972,2416
5571085980,Power nap and an ocean swimâ€¦ who am I ,Swim,0.076,07,2021,5.3,False,0.0,0.126,601
5571034508,Afternoon Ride,Ride,16.526,07,2021,357.7,False,0.0,4.914,3363
5570493674,Ruckle! ,Ride,16.557,07,2021,370.8,False,0.0,5.105,3243
5570517756,Morning Ride,Ride,9.7778,07,2021,179.1,False,0.0,5.361,1824
5570490735,Morning Ride,Ride,29.219,07,2021,98.2,False,0.0,5.47,5342
5565766316,Bikepacking day 1 with the rat ,Ride,47.577,07,2021,262.5,True,89.9,5.447,8734
5560775722,Surfing in Tofino ğŸ¤™ğŸ¼,Surfing,2.856,07,2021,0.0,False,0.0,0.888,3218
5558072458,Beach run! ,Run,9.114,06,2021,144.5,False,0.0,2.489,3661
5565761143,Night Run,Run,3.518,06,2021,70.7,True,173.2,2.448,1437
5540121754,Kits Pool!,Swim,1.37,06,2021,0.0,False,0.0,0.747,1833
5534738862,Deeks Lake! ,Walk,15.871,06,2021,1058.6,True,128.5,1.022,15529
5523826390,Lunch Run,Run,5.178,06,2021,54.4,True,166.4,3.157,1640
5522608198,Morning Ride,Ride,30.215,06,2021,305.0,True,94.1,6.015,5023
5519324125,Lunch Run,Run,5.309,06,2021,39.2,True,168.5,3.154,1683
5508922206,2/21,Run,21.215,06,2021,152.7,True,171.9,3.034,6992
5502441473,Exam tomorrow!!,Run,7.207,06,2021,62.7,True,166.7,3.365,2142
5497456413,Lunch Run,Run,10.701,06,2021,88.5,True,173.5,3.453,3099
5486680451,Morning Run,Run,11.26,06,2021,92.2,True,171.7,2.977,3782
5481658024,Lunch Run,Run,5.17,06,2021,57.7,True,172.6,3.092,1672
5476325188,Morning Run,Run,9.23,06,2021,53.4,True,165.2,2.937,3143
5476322989,Afternoon Ride,Ride,29.682,06,2021,282.4,True,103.7,5.695,5212
5476318837,Lunch Ride,Ride,38.563,06,2021,436.8,True,110.4,6.161,6259
5466587495,Enroute and upwards ,Run,21.225,06,2021,153.0,True,172.0,2.909,7296
5460112481,Lunch Ride,Ride,83.525,06,2021,958.8,True,101.1,6.092,13710
5448591292,Getting into a lunch run routine,Run,5.117,06,2021,50.5,True,174.2,3.312,1545
5444407070,Ice-cream ride with Nihalâ€™s new bike!! ,Ride,21.083,06,2021,167.8,True,76.6,4.613,4570
5442976287,Lunch Run,Run,5.113,06,2021,58.9,True,175.3,3.182,1607
5437666799,Lunch Run,Run,5.153,06,2021,54.8,True,169.7,3.146,1638
5432801791,Lunch Ride,Ride,41.672,06,2021,462.6,True,101.3,6.229,6690
5426565130,Loop to UBC,Run,7.15,06,2021,63.2,True,168.3,3.326,2150
5419848024,Fun Ride w/ fun people ,Ride,38.068,06,2021,358.2,True,100.8,6.734,5653
5418390001,Morning Run,Run,5.176,06,2021,53.6,True,165.6,2.954,1752
5410081084,Run with Jessie,Run,9.76,06,2021,110.4,True,156.5,2.909,3355
5400733745,Run with Ian,Run,9.466,06,2021,101.7,True,166.1,2.885,3281
5396797704,Lunch Run,Run,5.193,06,2021,56.7,True,165.8,3.009,1726
5391969512,Lunch Ride,Ride,39.921,05,2021,443.7,True,94.4,5.062,7887
5384652198,Morning Run,Run,10.002,05,2021,75.7,True,171.7,2.807,3563
5380281993,Lunch Ride,Ride,75.9071,05,2021,279.4,False,0.0,6.899,11002
5374678343,JCL,Ride,47.8612,05,2021,395.9,False,0.0,6.434,7439
5374752388,Afternoon Ride,Ride,1.53,05,2021,0.0,True,92.7,8.053,190
5373528688,Lovely Lunch Loop,Run,5.0,05,2021,57.0,True,174.6,3.597,1390
5368779565,Evening Run,Run,8.936,05,2021,89.0,True,168.7,2.726,3278
5358777571,Afternoon Run,Run,8.691,05,2021,91.2,True,163.9,3.048,2851
5347740062,Morning Ride,Ride,36.581,05,2021,365.8,True,125.5,6.681,5475
5341573056,Queen Elizabeth... I donâ€™t know what to say... ğŸ™ƒğŸ”,Run,10.003,05,2021,125.2,True,165.1,3.21,3116
5336479739,Afternoon Ride,Ride,15.078,05,2021,144.3,True,133.3,7.197,2095
5335442313,Lunch Run,Run,5.123,05,2021,55.5,True,164.4,3.238,1582
5331982432,Afternoon Run,Run,7.941,05,2021,65.5,True,165.7,3.231,2458
5329375399,Morning Ride,Ride,33.8314,05,2021,314.8,False,0.0,6.36,5319
5326469699,Afternoon Run,Run,2.5259,05,2021,10.3,False,0.0,2.89,874
5325244924,Lunch Run,Run,5.2021999999999995,05,2021,56.1,False,0.0,3.128,1663
5319619622,Lunch Run,Run,5.1661,05,2021,55.8,False,0.0,3.215,1607
5314891920,Ride to work ğŸŠâ€â™€ï¸ ,Ride,43.0874,05,2021,475.4,False,0.0,6.071,7097
5309924474,Ride back from Calistaâ€™s ,Ride,5.5964,05,2021,41.6,False,0.0,5.34,1048
5309925167,So fresh ğŸ‘ ,Ride,37.8395,05,2021,331.0,False,0.0,5.623,6729
5291864708,Lunch Run,Run,5.1308,05,2021,55.4,False,0.0,3.391,1513
5290233774,Morning Ride w/ Calista and her men,Ride,36.546099999999996,05,2021,369.9,False,0.0,6.612,5527
5286221411,Lunch Run,Run,5.2406999999999995,05,2021,55.3,False,0.0,3.068,1708
5278876534,Morning Run,Run,7.4654,05,2021,73.4,False,0.0,2.953,2528
5276178330,Back from swim testing ,Ride,23.0822,05,2021,224.4,False,0.0,4.459,5177
5275185671,To FORM swim testing!,Ride,21.1465,05,2021,254.8,False,0.0,5.003,4227
5270699994,Afternoon Run,Run,7.4677,05,2021,73.3,False,0.0,2.933,2546
5259582473,Doug from the other side ğŸ˜,Hike,9.658,05,2021,178.1,False,0.0,2.304,4191
5256975610,Will ride for Cortado â˜•ï¸ ,Ride,9.5373,05,2021,65.3,False,0.0,5.657,1686
5256704875,Cortado ride @ habit coffee,Ride,6.4056999999999995,05,2021,61.7,False,0.0,5.378,1191
5254305167,Afternoon Run,Run,6.5385,05,2021,46.7,False,0.0,3.224,2028
5251754865,Morning Ride,Ride,18.47,05,2021,120.6,False,0.0,6.146,3005
5249082438,Evening Run,Run,2.5719000000000003,05,2021,10.1,False,0.0,2.998,858
5246343947,Morning Ride,Ride,18.4663,05,2021,104.7,False,0.0,6.266,2947
5243817401,Afternoon Ride,Ride,27.7012,05,2021,199.2,False,0.0,6.368,4350
5242448466,Lunch Run,Run,4.665,05,2021,32.1,False,0.0,3.318,1406
5240938387,Morning Ride,Ride,18.576700000000002,05,2021,110.2,False,0.0,6.388,2908
5237320317,Lunch Run,Run,4.6831000000000005,05,2021,31.8,False,0.0,3.177,1474
5235974133,Morning Ride,Ride,18.7617,05,2021,99.6,False,0.0,5.836,3215
5232120105,Goldstream -> home,Ride,37.477599999999995,05,2021,450.9,False,0.0,5.311,7056
5232758735,Dessert really slowed the pace on this one ,Ride,14.1425,05,2021,119.3,False,0.0,3.458,4090
5226201141,Mt. Finlayson ,Hike,12.3804,05,2021,655.9,False,0.0,1.148,10787
5226730685,Bike trip ğŸ¤—,Ride,31.4099,04,2021,244.8,False,0.0,5.062,6205
5213336205,Morning Run,Run,14.4442,04,2021,141.6,False,0.0,2.994,4824
5210662976,Well this is just sad strava....,Run,10.3,04,2021,0.0,False,0.0,3.39,3038
5207830861,Morning Ride,Ride,19.3974,04,2021,107.8,False,0.0,6.275,3091
5205296403,Delivering sachaâ€™s bday gift to elise,Ride,6.1732,04,2021,73.3,False,0.0,4.163,1483
5201966307,Morning Ride,Ride,18.5716,04,2021,104.8,False,0.0,6.207,2992
5199050404,Post work spin with max,Ride,29.7649,04,2021,202.8,False,0.0,6.443,4620
5197865246,Lunch Run,Run,4.3,04,2021,0.0,False,0.0,3.116,1380
5196185262,Morning Ride,Ride,18.504,04,2021,104.3,False,0.0,6.113,3027
5192313643,Kayak back ğŸš£ğŸ¼â€â™‚ï¸,Kayaking,6.6587,04,2021,2.7,False,0.0,1.609,4139
5186840370,Afternoon Hike around Portland ,Hike,8.7324,04,2021,129.6,False,0.0,1.105,7905
5186285753,Kayak to Portland Island! ,Kayaking,4.9645,04,2021,0.0,False,0.0,1.755,2828
5180221564,Classic Max & Lauren adventure ,Run,11.6168,04,2021,442.4,False,0.0,1.236,9396
5180640490,Ride -> Lake trail run! ,Ride,66.3978,04,2021,316.3,False,0.0,5.845,11359
5172320099,The Start of a productive day! ,Run,10.634,04,2021,68.5,False,0.0,3.007,3537
5169849399,Afternoon Ride,Ride,18.0755,04,2021,106.8,False,0.0,5.971,3027
5168655057,Lunch Run,Run,2.709,04,2021,18.0,False,0.0,3.264,830
5166918878,Morning Ride,Ride,18.4641,04,2021,105.0,False,0.0,6.08,3037
5164058141,Afternoon Ride,Ride,28.6429,04,2021,172.8,False,0.0,5.853,4894
5160801805,Morning Ride,Ride,17.9272,04,2021,98.9,False,0.0,6.292,2849
5157605086,Lunch time!! ,Run,5.0,04,2021,0.0,False,0.0,3.215,1555
5155103693,Bib shorts over jersey.. itâ€™s a vibe itâ€™s a vibe ,Ride,16.1262,04,2021,131.2,False,0.0,5.347,3016
5145346267,Afternoon Ride,Ride,45.5123,04,2021,399.3,False,0.0,6.242,7291
5143135759,Morning Run,Run,13.787799999999999,04,2021,77.9,False,0.0,3.114,4428
5142480866,Morning Run,Run,0.5575,04,2021,5.0,False,0.0,3.03,184
5139514277,Ride with Calista,Ride,34.7128,04,2021,322.0,False,0.0,5.457,6361
5136927823,Morning Run,Run,7.1109,04,2021,21.3,False,0.0,2.949,2411
5131504507,Morning Ride,Ride,23.7239,04,2021,229.3,False,0.0,5.816,4079
5129012336,Afternoon Run,Run,10.867,04,2021,79.9,False,0.0,3.111,3493
5125746716,Morning Ride,Ride,16.8373,04,2021,84.0,False,0.0,4.742,3551
5123150476,Run w/ Madi,Run,11.2825,04,2021,151.5,False,0.0,2.5,4513
5114193258,Back in Van,Run,9.3085,04,2021,59.9,False,0.0,2.918,3190
5105076675,Afternoon Ride,Ride,19.0261,04,2021,75.7,False,0.0,5.303,3588
5104144569,Morning Ride,Ride,12.5477,04,2021,92.9,False,0.0,5.812,2159
5103655486,Morning Run,Run,6.8673,04,2021,143.1,False,0.0,2.696,2547
5103320609,Morning Ride,Ride,12.4088,04,2021,92.2,False,0.0,5.633,2203
5096666194,Last ride with max into work ,Ride,18.4482,04,2021,104.8,False,0.0,6.078,3035
5091135828,Morning Run,Run,14.7207,04,2021,155.5,False,0.0,3.106,4739
5088422690,Afternoon Run,Run,9.9136,04,2021,194.3,False,0.0,2.32,4273
5081109533,Lunch Run,Run,3.9619,04,2021,31.1,False,0.0,3.282,1207
5079575828,Morning Ride,Ride,18.272,04,2021,135.3,False,0.0,6.188,2953
5079577010,Run to beach ,Run,7.5246,04,2021,80.8,False,0.0,2.666,2822
5075665396,Lunch Run,Run,3.029,04,2021,30.1,False,0.0,3.229,938
5074347699,Morning Ride,Ride,18.5315,04,2021,107.0,False,0.0,6.009,3084
5070465662,Morning Ride,Ride,22.8681,04,2021,117.6,False,0.0,4.06,5633
5064075142,ğŸ¨ & â˜•ï¸ trip,Ride,41.621,04,2021,220.8,False,0.0,5.354,7774
5058415570,Afternoon Ride,Ride,10.2073,04,2021,78.1,False,0.0,5.593,1825
5058275477,Me hurt,Run,23.2941,04,2021,783.0,False,0.0,1.613,14445
5058620191,Morning Ride,Ride,10.1656,04,2021,56.8,False,0.0,6.037,1684
5058620495,Afternoon Ride,Ride,20.4617,04,2021,156.1,False,0.0,5.099,4013
5050123294,Morning Ride,Ride,18.6098,04,2021,129.8,False,0.0,6.034,3084
5044037476,Morning Run,Run,6.3966,03,2021,41.0,False,0.0,3.029,2112
5038224664,Morning Ride,Ride,18.586299999999998,03,2021,109.1,False,0.0,5.889,3156
5034585609,Afternoon Run,Run,8.903799999999999,03,2021,102.5,False,0.0,3.207,2776
5031649501,Morning Ride,Ride,18.4857,03,2021,103.1,False,0.0,5.662,3265
5028962264,French Beach -> Victoria,Ride,69.3637,03,2021,619.9,False,0.0,4.823,14383
5028961390,Victoria -> French Beach! â˜€ï¸,Ride,70.4814,03,2021,693.3,False,0.0,4.992,14120
5016257599,Afternoon Ride,Ride,21.883,03,2021,117.6,False,0.0,5.546,3946
5013926164,Morning Run,Run,9.3493,03,2021,84.3,False,0.0,2.875,3252
5011517504,Afternoon Ride,Ride,32.419,03,2021,222.1,False,0.0,5.419,5982
5014275424,Lunch run quickie,Run,2.5,03,2021,0.0,False,0.0,3.226,775
5005961249,Evening Run,Run,6.498600000000001,03,2021,41.9,False,0.0,3.214,2022
5002671136,UVic Chip Trail,Run,6.7,03,2021,0.0,False,0.0,3.078,2177
5002667693,Mt Tolmie w. Max,Run,6.0,03,2021,0.0,False,0.0,3.012,1992
4996483441,Morning Ride,Ride,18.7635,03,2021,116.8,False,0.0,5.657,3317
4993938909,Afternoon Run,Run,5.1716999999999995,03,2021,194.8,False,0.0,2.17,2383
4992257432,Lunch Run,Run,3.5795,03,2021,30.9,False,0.0,3.452,1037
4990721926,Morning Ride,Ride,18.895400000000002,03,2021,116.7,False,0.0,5.557,3400
4986311143,Morning Run,Run,9.8841,03,2021,43.0,False,0.0,2.847,3472
4985497155,Morning Run,Run,5.1624,03,2021,27.4,False,0.0,2.981,1732
4981421510,Lunch Ride,Ride,76.8248,03,2021,949.4,False,0.0,5.651,13596
4973124667,Morning Run,Run,9.0099,03,2021,75.8,False,0.0,3.028,2976
4970485290,To whole foods,Ride,10.1776,03,2021,71.7,False,0.0,5.293,1923
4967643849,Uvic Chip Trail,Run,6.7125,03,2021,45.0,False,0.0,2.993,2243
4963797228,Ankle injury recovery run,Run,2.4779,03,2021,9.4,False,0.0,3.09,802
4962267089,Morning Ride,Ride,18.4788,03,2021,106.4,False,0.0,5.876,3145
4956497068,Morning Ride,Ride,20.9851,03,2021,115.7,False,0.0,5.283,3972
4951152623,Morning Ride,Ride,18.3602,03,2021,117.8,False,0.0,5.373,3417
4948552972,Morning Ride,Ride,34.049099999999996,03,2021,323.6,False,0.0,4.918,6923
4942068753,Morning Ride,Ride,39.5477,03,2021,187.1,False,0.0,5.708,6929
4940998054,Morning Ride,Ride,7.9051,03,2021,55.6,False,0.0,4.507,1754
4936917357,Afternoon Ride,Ride,24.6432,03,2021,136.4,False,0.0,5.005,4924
4935598215,Morning Ride,Ride,9.0,03,2021,0.0,False,0.0,5.556,1620
4934521319,Morning Ride,Ride,12.1524,03,2021,39.5,False,0.0,5.368,2264
4929565236,Morning Ride,Ride,13.8237,03,2021,86.9,False,0.0,5.635,2453
4929357325,Morning Ride,Ride,8.933200000000001,03,2021,26.1,False,0.0,6.008,1487
4929237493,Evening Run,Run,12.566,03,2021,57.0,False,0.0,3.355,3745
4929238554,Ride to speed farm workout ,Ride,7.4991,03,2021,23.2,False,0.0,3.753,1998
4929237984,Morning Ride,Ride,12.2358,03,2021,110.1,False,0.0,4.908,2493
4918537580,Mt doug,Run,5.7169,03,2021,155.7,False,0.0,2.694,2122
4912942744,Morning Ride,Ride,9.245,03,2021,73.4,False,0.0,5.247,1762
4914863086,Commute w/ Max ,Ride,9.331100000000001,03,2021,32.0,False,0.0,5.077,1838
4912977622,Up mt Doug ,Run,2.6,03,2021,0.0,False,0.0,2.778,936
4910127500,Afternoon Run,Run,3.303,03,2021,42.3,False,0.0,2.566,1287
4895422280,Morning Run,Run,12.010399999999999,03,2021,47.8,False,0.0,3.157,3804
4888602713,Morning Run,Run,5.8188,03,2021,27.1,False,0.0,3.061,1901
4883195426,Morning Run,Run,5.8274,03,2021,27.1,False,0.0,3.188,1828
4877222573,Morning Run,Run,10.078700000000001,03,2021,17.0,False,0.0,3.303,3051
4867289954,Lunch Run,Run,9.8474,02,2021,47.4,False,0.0,3.44,2863
4858668593,Morning Run,Run,11.4655,02,2021,46.3,False,0.0,3.061,3746
4852811418,Morning Run,Run,9.0867,02,2021,49.6,False,0.0,3.09,2941
4847630960,Morning Run,Run,12.2791,02,2021,49.4,False,0.0,3.177,3865
4841529150,Morning Run,Run,9.6289,02,2021,58.0,False,0.0,3.186,3022
4835259985,Morning Run,Run,8.168800000000001,02,2021,42.5,False,0.0,3.077,2655
4826208837,Lunch Activity,NordicSki,9.3608,02,2021,126.0,False,0.0,2.671,3505
4824191719,Morning Run,Run,5.236,02,2021,29.5,False,0.0,2.958,1770
4817763820,Morning Run,Run,10.0775,02,2021,24.5,False,0.0,3.145,3204
4811809235,Morning Run,Run,5.8091,02,2021,27.2,False,0.0,3.108,1869
4807233552,Morning Activity,NordicSki,9.9761,02,2021,121.5,False,0.0,2.723,3663
4806631443,Morning Run,Run,5.5024,02,2021,26.4,False,0.0,3.275,1680
4801536376,Morning Run,Run,9.3446,02,2021,42.1,False,0.0,2.874,3251
4792500790,Lunch Activity,NordicSki,12.33,02,2021,148.6,False,0.0,2.941,4193
4791089739,Morning Run,Run,11.348799999999999,02,2021,53.2,False,0.0,3.086,3677
4781214002,Happy Valentineâ€™s Day Max!,Run,12.671299999999999,02,2021,22.3,False,0.0,3.072,4125
4780632682,Morning Run,Run,1.0575,02,2021,0.0,False,0.0,3.4,311
4775496346,Morning Activity,NordicSki,8.5271,02,2021,93.3,False,0.0,2.597,3283
4770582067,Morning Run,Run,5.7814,02,2021,27.0,False,0.0,3.059,1890
4765385975,Morning Activity,NordicSki,9.8203,02,2021,103.9,False,0.0,2.615,3756
4760055705,Morning Run,Run,5.4453000000000005,02,2021,26.8,False,0.0,2.94,1852
4755186905,Morning Run,Run,5.4257,02,2021,26.8,False,0.0,2.971,1826
4752333584,Afternoon Activity,NordicSki,8.462299999999999,02,2021,101.7,False,0.0,2.582,3277
4750484223,Morning Run,Run,5.4,02,2021,0.0,False,0.0,3.049,1771
4727407148,Morning Run,Run,5.4162,02,2021,26.5,False,0.0,3.124,1734
4722075484,Morning Activity,NordicSki,8.739799999999999,02,2021,101.9,False,0.0,2.806,3115
4716788659,Morning Run,Run,5.402,02,2021,26.5,False,0.0,3.165,1707
4713130696,Lunch Activity,NordicSki,11.001,01,2021,125.5,False,0.0,3.047,3611
4705409986,Morning Run,Run,12.1422,01,2021,47.2,False,0.0,3.272,3711
4700002683,Morning Activity,NordicSki,9.3745,01,2021,95.8,False,0.0,2.631,3563
4684226336,Morning Run,Run,9.5803,01,2021,23.5,False,0.0,3.132,3059
4678981772,Morning Activity,NordicSki,10.72,01,2021,122.2,False,0.0,3.0,3573
4675957406,Lunch Activity,NordicSki,11.6053,01,2021,148.0,False,0.0,2.808,4133
4674170610,Morning Run,Run,4.8303,01,2021,21.1,False,0.0,3.122,1547
4667462587,Morning Run,Run,10.023299999999999,01,2021,32.5,False,0.0,3.083,3251
4671150294,Morning Run,Run,5.0,01,2021,0.0,False,0.0,3.333,1500
4652028653,Morning Run,Run,7.0684,01,2021,25.4,False,0.0,2.99,2364
4643077603,Watch died ,Run,6.2,01,2021,0.0,False,0.0,3.03,2046
4635951631,Morning Run,Run,11.835600000000001,01,2021,52.5,False,0.0,3.083,3839
4629631154,Morning Run,Run,14.222,01,2021,24.7,True,168.7,3.244,4384
4625332911,Morning Run,Run,7.3518,01,2021,36.8,True,158.2,3.124,2353
4613886938,Morning Run,Run,2.2696,01,2021,11.3,True,158.7,2.913,779
4613747346,Morning Run,Run,5.1149,01,2021,24.8,True,154.6,2.962,1727
4608582182,Morning Activity,NordicSki,7.6115,01,2021,69.1,False,0.0,2.814,2705
4603406338,Morning Run,Run,9.4107,01,2021,41.8,False,0.0,3.157,2981
4598491240,Morning Activity,NordicSki,8.3905,01,2021,88.0,False,0.0,2.945,2849
4593029131,Morning Activity,NordicSki,10.5852,01,2021,94.8,False,0.0,2.967,3568
4591852768,WITH JESSIE!! ğŸ¤¡,Run,12.2367,01,2021,22.3,True,155.6,3.251,3764
4587916264,Never synced from watch,Run,4.9,01,2021,0.0,False,0.0,3.135,1563
4587109991,Morning Run,Run,5.217899999999999,01,2021,24.9,True,152.3,3.104,1681
4582308528,Morning Activity,NordicSki,8.237,01,2021,100.8,False,0.0,2.849,2891
4576541368,Morning Activity,NordicSki,7.9642,01,2021,91.0,False,0.0,2.699,2951
4571230853,Morning Run,Run,9.3937,01,2021,41.6,False,0.0,3.131,3000
4565721722,Morning Activity,NordicSki,7.9745,01,2021,89.0,False,0.0,2.781,2868
4560537966,Morning Activity,NordicSki,8.9517,01,2021,112.8,False,0.0,2.6,3443
4554143537,Morning Run ğŸ˜,Run,12.1941,01,2021,47.2,True,158.5,3.187,3826
4548749681,Sunrise ski! â˜€ï¸,NordicSki,21.032700000000002,01,2021,181.0,False,0.0,2.583,8143
4544659221,2020kms for 2020!,Run,4.7235,12,2020,20.3,True,179.4,3.543,1333
4539793662,Morning Activity,NordicSki,6.9242,12,2020,67.4,False,0.0,2.005,3454
4534884583,Ski with Ally-ish ,NordicSki,8.6895,12,2020,113.0,False,0.0,2.394,3629
4531283354,â€œYour faces are really redâ€ - little girl on the trail,Run,12.0223,12,2020,54.7,True,166.0,2.691,4468
4530136077,Morning Activity,NordicSki,7.085100000000001,12,2020,60.1,False,0.0,2.099,3376
4525757227,Morning Activity,NordicSki,7.342,12,2020,99.3,False,0.0,2.043,3593
4521872576,Treadmill,Run,5.0,12,2020,0.0,False,0.0,3.566,1402
4520762252,First ski of the season!! ,NordicSki,6.2707,12,2020,56.6,False,0.0,1.698,3694
4514298403,Afternoon Run,Run,4.1948,12,2020,20.4,True,138.0,2.763,1518
4513725634,Christmas Eve run!!,Run,4.2321,12,2020,17.0,True,144.1,2.801,1511
4504585760,Morning Run,Run,8.7728,12,2020,34.7,True,155.1,3.052,2874
4500432844,A mess and a half...,Run,11.6359,12,2020,47.8,False,0.0,2.939,3959
4500668954,Rough rough rough ,Run,2.6,12,2020,0.0,False,0.0,2.778,936
4491162382,Snowy trail run with jessie!,Run,7.529,12,2020,107.0,False,0.0,2.41,3124
4488417099,Afternoon Run,Run,4.8434,12,2020,20.2,True,161.4,3.406,1422
4483878526,Morning Run,Run,7.2877,12,2020,33.6,True,156.6,3.1,2351
4479880277,Morning Run,Run,6.9411000000000005,12,2020,32.9,True,160.0,3.054,2273
4475497787,Morning Run,Run,6.4193999999999996,12,2020,23.1,True,153.8,3.103,2069
4471598881,Morning Run,Run,12.1881,12,2020,50.1,False,0.0,3.093,3940
4469839185,First run back in tara,Run,6.6,12,2020,0.0,False,0.0,3.115,2119
4454973458,Morning Run,Run,7.0729,12,2020,66.5,True,156.3,3.042,2325
4450673607,Morning Run,Run,7.0913,12,2020,67.0,True,161.1,2.886,2457
4448609588,Starbucks birthday!! ğŸ¥³ ,Run,7.079899999999999,12,2020,64.9,True,178.0,3.37,2101
4439912294,Afternoon Run,Run,1.552,12,2020,7.6,True,169.1,2.812,552
4438873941,Arcteryx Nog-Jog! ,Run,11.355,12,2020,123.7,True,153.6,2.862,3967
4434589198,Morning Ride w Calista! ,Ride,54.5682,12,2020,269.6,False,0.0,5.803,9404
4429659938,Morning Run,Run,11.469899999999999,12,2020,123.6,True,156.9,2.819,4069
4425111033,Morning Run,Run,10.403,12,2020,121.8,True,164.5,2.887,3603
4423047352,Afternoon Run,Run,5.472600000000001,12,2020,48.2,True,158.5,2.92,1874
4410232757,Afternoon Run,Run,5.0069,11,2020,28.3,True,148.5,2.803,1786
4398293766,Morning Run with Max! ,Run,8.166,11,2020,56.5,True,172.7,2.901,2815
4396038838,Testing for FORM ,Swim,0.8,11,2020,0.0,False,0.0,0.476,1680
4398294079,Morning Run,Run,5.19,11,2020,27.9,True,175.6,3.053,1700
4389350703,Morning Run,Run,8.201,11,2020,53.6,True,177.6,2.981,2751
4384433088,Afternoon Run,Run,5.1446000000000005,11,2020,27.9,True,174.3,3.143,1637
4376824156,Morning Run,Run,9.2945,11,2020,20.8,True,160.7,3.019,3079
4371116403,Morning Run,Run,21.517799999999998,11,2020,91.9,False,0.0,3.124,6887
4366314501,Lunch Run,Run,5.0236,11,2020,29.7,True,182.6,3.606,1393
4360776496,Morning Run,Run,9.3992,11,2020,60.4,True,162.1,2.92,3219
4351681624,Morning Run,Run,7.1254,11,2020,66.3,True,152.7,2.961,2406
4347038915,Morning Run,Run,7.1416,11,2020,66.9,True,164.6,2.96,2413
4343947938,Morning Run,Run,7.0555,11,2020,66.3,True,173.3,2.971,2375
4337774124,Sore bum + sun = longer than usual run ,Run,12.9055,11,2020,72.2,False,0.0,3.125,4130
4334131126,Afternoon Run,Run,7.5458,11,2020,49.1,True,175.5,3.004,2512
4323726937,Morning Run,Run,20.660700000000002,11,2020,221.3,False,0.0,3.055,6763
4317947920,Morning Run,Run,5.1006,11,2020,33.7,True,154.7,2.874,1775
4313543947,Morning Run,Run,11.894200000000001,11,2020,134.9,True,162.9,2.844,4182
4310818693,Morning Ride,Ride,39.8046,11,2020,486.5,False,0.0,5.3,7511
4304473846,Benson!,Hike,8.7054,11,2020,751.2,False,0.0,0.791,11002
4309780067,Morning Ride,Ride,24.6105,11,2020,392.0,False,0.0,4.894,5029
4299537926,Afternoon Ride,Ride,29.8483,11,2020,374.9,False,0.0,6.379,4679
4297754629,Morning Run,Run,6.6354,11,2020,63.0,True,167.8,2.97,2234
4291580217,Morning Run,Run,12.3932,11,2020,139.7,True,160.8,2.796,4432
4276748998,Morning Run,Run,7.8116,11,2020,92.4,True,159.1,2.86,2731
4273875673,Norvan Falls!,Run,16.8244,11,2020,340.4,False,0.0,1.788,9411
4267324323,LOOPS ğŸš´ğŸ¼â€â™€ï¸ğŸš´ğŸ½â€â™‚ï¸ğŸš´ğŸ½â€â™€ï¸,Ride,32.6177,10,2020,310.4,False,0.0,6.382,5111
4264284917,Afternoon Run,Run,11.8689,10,2020,134.8,True,161.2,2.993,3965
4258998378,Morning Run,Run,8.2059,10,2020,92.6,True,151.1,2.825,2905
4255233152,Morning Run,Run,9.945200000000002,10,2020,59.9,True,167.8,2.734,3638
4250438347,Morning Run,Run,9.3466,10,2020,59.7,True,161.3,3.037,3078
4248273818,It gets dark so early now ,Run,12.142100000000001,10,2020,133.7,False,0.0,3.059,3969
4248365280,Morning Run,Run,7.0439,10,2020,33.0,True,154.5,3.018,2334
4228998796,Morning Run,Run,10.655899999999999,10,2020,85.7,True,174.3,3.052,3491
4224302433,Morning Run,Run,8.9225,10,2020,31.8,True,166.1,2.955,3019
4224295903,Morning Run,Run,6.6096,10,2020,36.2,True,169.4,3.035,2178
4217879465,Morning Run,Run,11.0224,10,2020,89.3,True,165.6,3.047,3618
4203652564,ğŸ‚ğŸğŸƒ,Run,5.9379,10,2020,29.3,True,168.6,3.454,1719
4200208660,Morning Run,Run,8.5679,10,2020,50.4,True,154.5,3.079,2783
4194576171,Morning Run,Run,8.9329,10,2020,51.7,True,169.5,3.029,2949
4189769159,Concession run with Ally,Run,10.6,10,2020,0.0,False,0.0,3.058,3466
4189769651,Thanksgiving Tri ,Hike,1.2651,10,2020,18.8,False,0.0,1.244,1017
4168314978,Morning Ride,Ride,33.4879,10,2020,300.1,True,125.7,6.583,5087
4163924059,Morning Run,Run,13.4301,10,2020,177.1,True,172.0,2.811,4777
4159265727,Morning Run,Run,10.0518,10,2020,64.6,True,167.9,2.763,3638
4154765830,Morning Run,Run,8.0407,10,2020,93.3,True,164.2,2.841,2830
4152267015,Afternoon Ride,Ride,25.7667,10,2020,261.0,True,120.9,5.978,4310
4152029628,Morning Ride,Ride,51.2509,10,2020,434.8,True,134.1,6.587,7781
4147496947,Lunch Ride,Ride,55.7076,10,2020,284.0,True,126.0,6.548,8508
4146794540,Morning Run,Run,8.0001,10,2020,137.1,True,158.2,2.627,3045
4145776414,Morning Run,Run,9.624799999999999,10,2020,61.8,True,158.6,3.125,3080
4141461289,Afternoon Ride,Ride,13.661100000000001,10,2020,113.2,True,123.1,6.249,2186
4139496257,Lunch Run,Run,5.1269,10,2020,32.0,True,157.9,3.21,1597
4133690444,Morning Run,Run,14.566799999999999,09,2020,183.7,True,173.1,2.909,5008
4133739253,Ride with boo ğŸ˜˜,Ride,16.0,09,2020,0.0,False,0.0,4.444,3600
4129453802,Morning Run,Run,8.0769,09,2020,51.0,True,147.2,2.835,2849
4126137229,Afternoon Run,Run,8.0607,09,2020,92.4,True,168.2,2.795,2884
4121275717,Morning Ride,Ride,72.384,09,2020,1222.6,False,0.0,5.285,13695
4117317965,Victoria with Christina!,Ride,36.0,09,2020,0.0,False,0.0,6.111,5891
4108872162,Afternoon Run,Run,5.014399999999999,09,2020,30.7,True,172.2,3.529,1421
4107635783,Morning Run,Run,10.3191,09,2020,99.7,True,169.4,2.674,3859
4099996373,Afternoon Ride,Ride,24.234599999999997,09,2020,208.3,True,132.8,6.982,3471
4092389382,Morning Run,Run,9.3889,09,2020,61.5,True,146.0,2.873,3268
4089202336,The sun came out!!,Ride,59.81,09,2020,397.9,False,0.0,6.515,9181
4084034327,IKEA!,Run,14.5214,09,2020,106.7,True,155.3,2.923,4968
4078564797,Morning Run,Run,11.0125,09,2020,135.4,True,151.1,2.782,3958
4073460197,Morning Run,Run,8.0292,09,2020,18.8,True,154.9,2.963,2710
4071550153,UBC loops,Ride,21.2231,09,2020,163.8,True,116.8,6.375,3329
4066549455,Saving money on evo,Run,9.1761,09,2020,77.8,True,146.6,2.778,3303
4063540585,Same run as yeaterday,Run,5.2,09,2020,0.0,False,0.0,2.889,1800
4061419330,Evening Run,Run,5.201,09,2020,32.1,True,170.0,2.909,1788
4056697516,Smoky smoke smoke,Ride,30.034200000000002,09,2020,394.9,False,0.0,5.869,5117
4050310575,Morning Ride,Ride,17.8367,09,2020,204.8,False,0.0,5.42,3291
4046236614,Afternoon Ride,Ride,30.5057,09,2020,388.3,True,144.6,6.736,4529
4044371785,Morning Run,Run,5.1145,09,2020,30.9,True,169.8,2.898,1765
4042083497,UBC Loop,Ride,22.171,09,2020,170.4,False,0.0,6.898,3214
4039784403,Morning Run,Run,10.1385,09,2020,44.1,True,143.5,2.917,3476
4034956150,Morning Run,Run,11.727,09,2020,68.4,True,165.4,2.917,4020
4030137331,Morning Run,Run,10.0268,09,2020,67.9,True,150.8,2.902,3455
4027262062,Fun end to the weekend!! ,Ride,30.4524,09,2020,398.7,False,0.0,6.492,4691
4023007490,Tandem to get ice cream! ğŸ¦ ,Ride,15.65,09,2020,197.3,False,0.0,3.855,4060
4022133732,Qualicum -> Nanaimo,Ride,47.5604,09,2020,497.7,False,0.0,6.505,7311
4018145206,"Missed the ferry, haha just kidding ",Ride,52.2576,09,2020,485.4,False,0.0,5.836,8955
4011948950,Cramping run ,Run,6.1267,09,2020,43.3,False,0.0,2.947,2079
4008221106,Riding around Vancouver without max,Ride,18.2179,09,2020,94.6,False,0.0,4.36,4178
4006416035,Ride to house viewing ,Ride,14.2,09,2020,0.0,False,0.0,5.556,2556
4006406147,Run with Madi ,Run,11.2,09,2020,0.0,False,0.0,2.899,3864
3998602733,Dropping off max.. very very sad ğŸ˜¢,Ride,64.9616,09,2020,819.8,False,0.0,5.675,11447
3994175827,Ride home + bin4,Ride,29.562,08,2020,266.0,False,0.0,5.239,5643
3989413840,Morning Hike,Hike,11.1749,08,2020,1041.7,False,0.0,0.997,11210
3989414185,Lunch Ride,Ride,35.4084,08,2020,226.5,False,0.0,4.883,7252
3979684220,Morning Ride,Ride,98.65780000000001,08,2020,781.4,False,0.0,5.958,16560
3975679302,Afternoon Ride,Ride,12.7469,08,2020,232.3,False,0.0,3.568,3573
3971392367,Cactus club commute ,Ride,18.2409,08,2020,139.3,False,0.0,5.376,3393
3970857724,Bowen Island,Ride,77.3069,08,2020,1173.9,False,0.0,5.511,14029
3966056522,Afternoon Ride,Ride,10.751100000000001,08,2020,145.3,False,0.0,4.17,2578
3961640300,"Panorama Ridge, Black Tusk, Garibaldi Lake",Run,36.2248,08,2020,2119.7,False,0.0,1.211,29903
3952207252,"Oh deer, a bike lane ",Ride,84.5492,08,2020,1386.6,False,0.0,6.165,13715
3952353129,Coffee with a hint of compost ,Ride,53.2219,08,2020,738.1,False,0.0,6.509,8177
3946790946,Missed km in woods,Run,2.4,08,2020,0.0,False,0.0,2.778,864
3946788376,So wet...,Run,7.7003,08,2020,255.9,True,166.5,2.49,3092
3938223297,Lunch Ride,Ride,63.503,08,2020,811.6,False,0.0,5.338,11896
3933824535,Lynn Valley -> Deep Cove via Baden Powell trail,Run,34.2557,08,2020,1277.1,False,0.0,1.298,26389
3928774748,Afternoon Ride,Ride,31.8263,08,2020,453.8,False,0.0,5.143,6188
3924319482,Last leg,Ride,101.845,08,2020,1525.9,False,0.0,5.867,17360
3924380707,To Mayne!,Ride,17.8194,08,2020,360.9,False,0.0,4.016,4437
3918808350,To the ferry,Ride,18.3294,08,2020,367.4,False,0.0,5.206,3521
3924381634,Evening Ride,Ride,18.8077,08,2020,366.9,False,0.0,4.653,4042
3913348614,Into town,Ride,17.7748,08,2020,346.6,False,0.0,5.461,3255
3913348230,Tiny house -> Salt Spring ,Ride,21.626900000000003,08,2020,287.8,False,0.0,5.266,4107
3909798518,Bikepacking day 1!,Ride,115.644,08,2020,1149.0,False,0.0,5.745,20130
3905228844,Very important ride into the city ,Ride,4.1813,08,2020,38.8,False,0.0,3.397,1231
3904751843,Linley Valley Trail run ,Run,9.803,08,2020,215.7,False,0.0,2.568,3818
3904750275,Morning Run ,Run,3.1591,08,2020,132.2,False,0.0,1.93,1637
3904750968,Evening Run,Run,3.5686,08,2020,154.1,False,0.0,1.699,2101
3880626527,Idaho Peak Run,Run,24.5709,08,2020,1301.2,False,0.0,1.356,18119
3875048079,Rosebery rail trail,Run,11.36,08,2020,63.2,False,0.0,2.49,4563
3870497929,Gibson Lake -> Kaslo Lake,Run,19.742900000000002,08,2020,711.4,False,0.0,0.939,21022
3849667223,Trending upwards,Ride,109.492,08,2020,535.0,False,0.0,6.389,17137
3845561142,West coast best coast,Ride,56.1155,07,2020,272.1,False,0.0,7.205,7788
3838228342,Morning Run,Run,10.901299999999999,07,2020,89.4,True,148.1,2.904,3754
3837664015,Morning Run,Run,10.6631,07,2020,89.4,True,163.1,3.048,3498
3826660978,Morning Run,Run,10.974,07,2020,88.6,True,167.6,3.17,3462
3826658856,Morning Run,Run,10.571299999999999,07,2020,85.9,True,155.7,3.121,3387
3813857234,Forgot to resume strava after lookout,Ride,7.0,07,2020,0.0,False,0.0,6.47,1082
3812744019,MS Bike Ride w/ KK,Ride,153.356,07,2020,731.0,False,0.0,6.479,23668
3809215146,Afternoon Run,Run,10.7885,07,2020,89.4,True,162.3,3.128,3449
3804825924,Morning Run,Run,10.9121,07,2020,85.6,True,164.7,3.155,3459
3802979724,Afternoon Ride,Ride,34.598,07,2020,250.3,True,112.2,6.761,5117
3796666255,Morning Ride,Ride,88.5202,07,2020,510.8,False,0.0,7.263,12188
3790456444,Morning Ride,Ride,56.0215,07,2020,383.6,True,127.5,6.746,8304
3787803598,Afternoon Run,Run,6.4573,07,2020,27.0,True,135.6,2.915,2215
3780483307,Morning Run,Run,20.0083,07,2020,145.6,True,166.9,3.163,6326
3780474934,Morning Run,Run,0.0,07,2020,11.1,True,149.7,0.0,494
3775468804,Ride home ,Ride,26.2043,07,2020,83.4,False,0.0,6.204,4224
3775893532,Ride back from dinner,Ride,21.0,07,2020,0.0,False,0.0,6.112,3436
3773171506,Ride to dinner,Ride,21.5765,07,2020,80.2,True,111.6,6.245,3455
3772856548,Bikepacking part 1 ,Ride,26.009,07,2020,73.0,True,105.8,5.906,4404
3772853729,Morning Run,Run,10.0178,07,2020,51.9,True,152.7,3.138,3192
3761434484,Morning Run,Run,10.6044,07,2020,85.6,True,156.2,3.166,3349
3756162717,Morning Ride,Ride,56.2812,07,2020,383.6,True,123.0,7.035,8000
3752012654,Morning Ride,Ride,80.4701,07,2020,485.8,True,132.5,7.225,11138
3748397221,Activity,Run,9.654200000000001,07,2020,69.6,True,154.9,3.177,3039
3742152225,Morning Run,Run,10.893,07,2020,88.4,True,161.9,3.034,3590
3736085637,Morning Run,Run,10.591299999999999,07,2020,85.7,True,155.8,3.045,3478
3734376246,Evening Ride,Ride,59.7004,07,2020,113.0,True,116.8,6.842,8726
3732249755,Christmas is July,Ride,56.194199999999995,07,2020,383.7,False,0.0,7.079,7938
3721955840,Morning Ride,Ride,43.333800000000004,07,2020,267.4,True,134.4,6.977,6211
3719256613,Morning Run,Run,10.459700000000002,07,2020,22.0,True,131.4,2.682,3900
3712106430,Morning Run,Run,14.8369,07,2020,100.8,True,149.4,2.967,5001
3707691540,Morning Ride,Ride,56.1755,07,2020,384.2,False,0.0,6.982,8046
3712105255,Morning Run,Run,10.652899999999999,07,2020,85.8,True,157.7,3.09,3447
3694359009,Afternoon Ride,Ride,27.5947,06,2020,206.3,False,0.0,7.689,3589
3692843556,Morning Ride,Ride,56.285,06,2020,383.6,True,143.4,7.173,7847
3689897487,Afternoon Run,Run,10.678700000000001,06,2020,83.5,True,166.3,3.091,3455
3684138776,Morning Run,Run,14.575299999999999,06,2020,100.8,True,168.2,3.073,4743
3674150448,Morning Ride,Ride,95.2002,06,2020,430.1,False,0.0,6.839,13921
3669512290,Morning Run,Run,10.6735,06,2020,85.8,True,152.8,2.972,3591
3664761385,Lunch Run,Run,10.5228,06,2020,71.4,True,156.9,3.309,3180
3661708024,Evening Run,Run,14.529399999999999,06,2020,84.7,True,150.5,3.09,4702
3648243589,Morning Run,Run,15.0079,06,2020,100.7,True,147.0,2.919,5141
3644684448,Sunny days call for long rides ,Ride,130.106,06,2020,501.1,False,0.0,7.28,17871
3638052081,Morning Run,Run,12.8559,06,2020,97.2,True,147.3,2.977,4319
3633423714,Morning Run,Run,10.614,06,2020,86.0,True,157.5,3.04,3492
3628968350,Morning Run,Run,13.4182,06,2020,59.4,True,149.5,2.739,4899
3623138341,Morning Run,Run,10.642700000000001,06,2020,85.9,True,166.1,3.15,3379
3613926644,Morning Ride,Ride,54.4036,06,2020,363.7,True,121.9,6.798,8003
3608430314,The front brake is just an extra frill ,Ride,100.36,06,2020,496.8,False,0.0,7.141,14055
3608428366,Morning Run,Run,10.6387,06,2020,85.8,True,155.4,3.163,3364
3597466915,Morning Run,Run,10.6214,06,2020,85.9,True,154.3,3.17,3351
3592819982,Morning Run,Run,10.620899999999999,06,2020,86.0,True,157.4,3.079,3449
3587182875,Morning Run,Run,11.951,06,2020,90.5,True,150.2,3.033,3940
3579362846,Sauble â˜•ï¸ ->Tara ğŸ„ ,Ride,27.568,06,2020,206.0,True,140.3,8.569,3217
3578956444,Morning Ride,Ride,20.269099999999998,06,2020,43.2,True,97.2,4.497,4507
3578104635,Morning Ride,Ride,27.583299999999998,06,2020,163.0,True,138.2,7.155,3855
3572100238,Studying for calc midterm ,Run,13.428799999999999,06,2020,99.0,True,148.2,3.046,4409
3568928987,Max and I are gonna be okay ğŸ’•,Run,10.9408,06,2020,80.2,True,159.0,3.088,3543
3564438698,Lunch Ride,Ride,55.047599999999996,06,2020,268.7,True,152.4,8.255,6668
3562728555,Sauble with Ally,Ride,27.1986,06,2020,119.3,True,114.3,6.548,4154
3560530445,Run before the breakup call with max,Run,5.5032,06,2020,24.5,True,148.8,3.064,1796
3552486132,Morning Run,Run,10.622200000000001,06,2020,57.8,True,164.8,3.135,3388
3543223774,Tara has trails!!,Run,9.288799999999998,05,2020,49.9,True,162.2,3.223,2882
3541728858,Allison biking like a drunk driver,Ride,32.4663,05,2020,175.6,False,0.0,6.031,5383
3537580341,the energy on this ride was ASStronomical,Ride,127.642,05,2020,535.9,False,0.0,6.982,18281
3530583482,Morning Run,Run,9.2424,05,2020,44.8,True,158.4,3.083,2998
3529858261,Afternoon Ride,Ride,14.598799999999999,05,2020,71.0,True,104.6,5.77,2530
3525025079,Morning Run,Run,10.5338,05,2020,57.7,True,159.5,3.119,3377
3523378773,Kathryn biked with me!!,Run,7.306,05,2020,24.2,True,157.0,2.95,2477
3516598668,Afternoon Ride,Ride,23.4211,05,2020,171.3,True,147.3,7.743,3025
3510052780,Morning Run,Run,13.853200000000001,05,2020,98.4,True,161.7,3.038,4560
3503260086,"Birds, cows, & wind ",Run,15.0374,05,2020,106.8,True,164.5,3.092,4863
3501259074,With allison,Ride,14.7025,05,2020,101.5,True,116.1,6.517,2256
3498089608,Chesley Lake,Ride,34.178599999999996,05,2020,285.3,True,143.7,7.757,4406
3496047751,Run with kathryn and allison on bike,Run,3.7258,05,2020,18.1,True,174.1,2.895,1287
3496047793,Afternoon Ride,Ride,14.7465,05,2020,0.0,True,79.4,8.271,1783
3494830692,Morning Run,Run,10.341299999999999,05,2020,85.5,True,168.0,3.17,3262
3487559158,Morning Run,Run,10.3836,05,2020,85.9,True,157.8,3.131,3316
3482277069,Morning Ride,Ride,50.4876,05,2020,339.5,True,143.5,7.257,6957
3476445437,Morning Run,Run,10.6757,05,2020,79.5,True,165.6,3.15,3389
3466421031,Sister bike gang,Ride,14.6,05,2020,0.0,False,0.0,5.945,2456
3465609240,Morning Run,Run,10.9223,05,2020,89.9,True,169.6,3.125,3495
3460970812,Morning Ride,Ride,78.8053,05,2020,520.4,True,152.5,7.158,11010
3455103714,Watch paused mid run - missed km,Run,0.5,05,2020,0.0,False,0.0,3.106,161
3454144697,Morning Run,Run,5.7387,05,2020,32.2,True,169.3,3.077,1865
3452183928,Ride with allison,Ride,14.3,05,2020,0.0,False,0.0,5.556,2574
3451805204,Afternoon Run,Run,10.597299999999999,05,2020,85.9,True,167.5,3.312,3200
3451805810,Sunrise run,Run,14.8725,05,2020,100.8,True,159.3,3.201,4646
3433872264,Morning Run,Run,7.4752,05,2020,40.6,True,166.1,3.137,2383
3429209526,Morning Run,Run,6.7553,05,2020,38.8,True,161.7,3.053,2213
3426272543,And the school stress begins ,Run,6.2282,05,2020,30.3,True,159.1,3.301,1887
3418038465,Morning Run,Run,6.0312,05,2020,30.7,True,150.7,3.014,2001
3409359922,Garibaldi minus the elevation ,Run,32.2041,05,2020,130.1,False,0.0,3.037,10603
3396091401,Reverse triangle,Run,8.9765,05,2020,51.5,True,163.8,3.007,2985
3394025738,Ride with allison ,Ride,14.675600000000001,05,2020,67.4,True,112.9,5.647,2599
3394025694,Time trial loop,Ride,28.3317,05,2020,134.9,True,142.9,7.961,3559
3385620354,Morning Ride,Ride,78.8565,05,2020,445.6,True,136.7,6.849,11513
3381996003,Afternoon Run,Run,10.6896,05,2020,57.7,True,160.0,3.07,3482
3375073206,Soggy worms,Run,8.765600000000001,04,2020,45.3,True,161.3,3.105,2823
3366443112,Second half of the rain run,Run,6.1,04,2020,0.0,False,0.0,3.078,1982
3366298549,What a beautiful day to run in a torrential downpour,Run,8.1189,04,2020,56.6,True,170.8,3.078,2638
3362165162,Lunch Ride,Ride,14.129299999999999,04,2020,84.7,True,127.5,4.732,2986
3361031731,Morning Run,Run,5.331300000000001,04,2020,20.5,True,165.9,2.955,1804
3358324062,Afternoon Run,Run,10.646600000000001,04,2020,57.8,True,166.4,3.077,3460
3353235862,Headwind vs Tailwind,Ride,67.7892,04,2020,345.2,True,147.0,6.999,9685
3347369513,Afternoon Run,Run,8.6656,04,2020,30.7,True,156.3,3.135,2764
3343240679,South <-> Sauble,Ride,53.604800000000004,04,2020,86.0,True,130.0,6.945,7719
3338051369,Scenic route ,Run,17.5935,04,2020,45.9,True,167.3,3.207,5486
3327820675,Killing time ,Ride,50.2278,04,2020,69.0,True,139.6,7.381,6805
3317078003,SUNNY!!,Ride,46.1432,04,2020,183.3,True,140.7,7.344,6283
3313719849,Breaking the Bike Fast,Ride,14.781799999999999,04,2020,72.3,True,165.7,7.947,1860
3313127428,Afternoon Run,Run,7.8166,04,2020,27.9,True,156.0,3.052,2561
3308944780,So windy!!,Run,11.8566,04,2020,66.2,True,159.2,3.07,3862
3302127660,Morning Run,Run,6.3907,04,2020,31.1,True,159.7,3.128,2043
3298223545,So windy!,Run,10.6502,04,2020,27.1,True,173.4,3.183,3346
3290329931,Combines and Jennaâ€™s ğŸŒğŸ ,Run,8.9382,04,2020,56.5,True,175.6,3.356,2663
3284654677,Fairy lake rail trail run,Run,8.1297,04,2020,30.0,True,164.4,3.234,2514
3276901502,Morning Run,Run,6.292,04,2020,46.3,True,160.1,3.202,1965
3273782155,Strength challenges,Workout,0.0,04,2020,0.0,False,0.0,0.0,900
3272893196,Afternoon Run,Run,8.048,04,2020,46.2,True,160.2,3.231,2491
3268309678,YouTube HITT workout,Workout,0.0,04,2020,0.0,False,0.0,0.0,900
3268172029,Yoga challenge - 1/2 day 5,Yoga,0.0,04,2020,0.0,False,0.0,0.0,1200
3264288303,Abs with Alexis Ren,Workout,0.0,04,2020,0.0,False,0.0,0.0,600
3264289932,Afternoon Run,Run,8.026399999999999,04,2020,48.4,True,153.9,3.222,2491
3264286285,Yoga challenge day 4,Yoga,0.0,04,2020,0.0,False,0.0,0.0,1800
3258976320,Trainer allison is harsh,Run,11.3845,04,2020,66.4,True,163.3,3.308,3442
3255824398,Strength circuit with allison ,Workout,0.0,04,2020,0.0,False,0.0,0.0,1560
3251906990,Yoga day 3,Yoga,0.0,04,2020,0.0,False,0.0,0.0,1800
3249772944,Morning Run,Run,6.1842,04,2020,39.7,True,160.7,3.218,1922
3246806096,Rurally running,Run,9.489600000000001,04,2020,74.6,True,172.3,3.309,2868
3243255726,Outside Strength/HITT workout w/ allison ,Workout,0.0,04,2020,0.0,False,0.0,0.0,1800
3242000456,Yoga,Yoga,0.0,04,2020,0.0,False,0.0,0.0,1800
3239791300,Lunch Run,Run,8.784799999999999,03,2020,66.1,True,185.1,3.244,2708
3236108067,Allison got up the hill!,Run,9.6524,03,2020,72.6,True,167.7,3.187,3029
3231169262,Yoga challenge day 1 ,Yoga,0.0,03,2020,0.0,False,0.0,0.0,1800
3229093873,Run with allison,Run,9.0227,03,2020,48.7,True,168.4,3.19,2828
3229097074,Yoga with Tim and max ,Yoga,0.0,03,2020,0.0,False,0.0,0.0,1800
3225029990,Run with allison,Run,6.2176,03,2020,46.0,True,155.6,3.155,1971
3219923288,Park workout ,Workout,0.0,03,2020,0.0,False,0.0,0.0,720
3217961513,Last run in van,Run,6.5007,03,2020,38.6,True,166.6,3.305,1967
3215037479,Picking up jÃ¨rÃ¨mieâ€™s truck,Run,5.2367,03,2020,45.5,True,173.1,3.089,1695
3215047271,"Yoga + so bored, pull my eyes out ",Yoga,0.0,03,2020,0.0,False,0.0,0.0,900
3208866893,Social distancing with progurt ,Ride,49.4799,03,2020,309.6,True,121.6,6.097,8116
3204407504,Morning Ride,Ride,46.0351,03,2020,296.1,True,117.8,5.998,7675
3202066379,Bonking in a housecoat,Ride,84.2736,03,2020,880.3,True,135.0,6.05,13930
3199032380,Commute,Ride,12.0,03,2020,0.0,False,0.0,6.667,1800
3199029297,Run avec lauren!,Run,11.500200000000001,03,2020,143.1,True,144.9,2.953,3894
3195988598,Picnic at Iona ,Ride,76.5043,03,2020,300.4,False,0.0,6.566,11652
3192880527,Donâ€™t wanna take an off day in this weather! â˜€ï¸ ,Run,10.346200000000001,03,2020,79.2,True,149.7,3.19,3243
3196285484,Commute,Ride,12.0,03,2020,0.0,False,0.0,6.667,1800
3190076679,Short weather!!! Ah!!,Ride,41.9796,03,2020,360.1,False,0.0,6.241,6726
3190080913,Half part 2 ,Run,6.5,03,2020,0.0,False,0.0,2.968,2190
3190071297,Half part one,Run,16.2794,03,2020,124.0,True,175.0,2.865,5682
3183465773,Morning Ride,Ride,62.7284,03,2020,554.3,True,133.3,6.043,10381
3180712426,Afternoon Run,Run,9.094899999999999,03,2020,64.8,True,159.2,3.307,2750
3183654434,Commute,Ride,12.0,03,2020,0.0,False,0.0,6.667,1800
3174785921,Morning Run,Run,7.5763,03,2020,51.9,True,161.1,3.227,2348
3171292129,Morning Run,Run,5.1953000000000005,03,2020,24.1,True,171.9,3.735,1391
3170156287,Night Ride,Ride,0.0,03,2020,0.0,True,128.9,0.0,3325
3169004256,Yoga + strength ,Workout,0.0,03,2020,0.0,False,0.0,0.0,2400
3167469283,Commute ,Ride,24.0,03,2020,0.0,False,0.0,6.667,3600
3166218514,Morning Run,Run,10.42,03,2020,60.4,True,149.6,3.111,3349
3163339804,Fun until it wasnâ€™t ,Ride,74.0455,03,2020,801.0,False,0.0,6.781,10919
3160423717,Ride with Lauren ,Ride,37.8399,03,2020,366.3,True,125.2,6.146,6157
3158157683,Night Ride,Ride,0.0,03,2020,0.0,True,138.9,0.0,3587
3154299703,Strength,Workout,0.0,03,2020,0.0,False,0.0,0.0,1800
3151033613,Morning Run,Run,10.026200000000001,03,2020,59.2,True,173.2,3.119,3215
3148693753,Strength ,Workout,0.0,03,2020,0.0,False,0.0,0.0,2700
3146641855,Afternoon Activity,NordicSki,6.638,03,2020,90.4,True,118.9,1.392,4767
3146042196,Sunday long run ,Run,14.2217,03,2020,103.9,True,172.0,3.098,4590
3142770147,Dropped out of a no drop ride,Ride,17.7104,02,2020,129.6,True,112.9,3.86,4588
3143197861,Commute,Ride,12.0,02,2020,0.0,False,0.0,6.667,1800
3138054605,Night Ride,Ride,0.0,02,2020,0.0,True,131.9,0.0,3705
3135381786,Quick run to clear my head,Run,5.1339,02,2020,26.5,True,144.4,3.089,1662
3131571408,Strength + stretch ,Workout,0.0,02,2020,0.0,False,0.0,0.0,2700
3129802645,Commuting,Ride,21.0,02,2020,0.0,False,0.0,6.667,3150
3129778709,Night Ride,Ride,0.0,02,2020,0.0,True,136.3,0.0,3662
3129834571,Max -> method ,Ride,6.6004,02,2020,37.5,False,0.0,5.661,1166
3129667092,Ride to oatmeal ,Ride,14.450899999999999,02,2020,141.6,True,124.2,5.295,2729
3126329729,Morning Run,Run,8.4359,02,2020,54.8,True,174.8,3.16,2670
3123541509,Afternoon Run,Run,8.4826,02,2020,60.2,True,173.3,3.207,2645
3120238045,Feels good to be back out on the running grind ,Run,11.8384,02,2020,81.5,True,175.6,3.253,3639
3117924280,Ferry â›µï¸â€”> Home ğŸ•,Ride,41.0056,02,2020,500.7,False,0.0,6.247,6564
3112718973,Hills on hills ,Ride,25.0872,02,2020,325.0,False,0.0,6.35,3951
3109283329,Nanaimo riding ,Ride,21.6221,02,2020,324.4,False,0.0,5.337,4051
3106878304,Tour of victoria ,Ride,106.06,02,2020,1382.7,False,0.0,6.177,17171
3103419205,-> Victoria ,Ride,50.5447,02,2020,360.3,False,0.0,4.652,10864
3099783867,Morning Run,Run,9.5251,02,2020,54.7,True,171.3,3.219,2959
3096696603,Morning yoga,Yoga,0.0,02,2020,0.0,False,0.0,0.0,600
3095431087,Workout w/ Lauren E,Workout,0.0,02,2020,0.0,False,0.0,0.0,3600
3096695677,Commute,Ride,12.0,02,2020,0.0,False,0.0,6.667,1800
3090919436,Recovery run,Run,5.655,02,2020,37.1,True,138.6,2.805,2016
3089693929,Night Ride,Ride,0.0,02,2020,0.0,True,121.8,0.0,3348
3089756116,Morning Yoga,Yoga,0.0,02,2020,0.0,False,0.0,0.0,600
3086737485,Cool down + reflection ,Run,1.1685999999999999,02,2020,7.8,True,90.0,2.265,516
3086451949,Half marathon ,Run,21.5263,02,2020,114.6,True,180.8,3.634,5924
3086451723,Warm up,Run,1.8738,02,2020,2.3,False,0.0,3.639,515
3083676333,Pacing and technique with coach,Ride,51.5185,02,2020,365.9,True,120.8,5.715,9014
3080416928,Strength,Workout,0.0,02,2020,0.0,False,0.0,0.0,1500
3080178760,Afternoon Run,Run,5.6013,02,2020,0.0,True,156.8,3.131,1789
3078546338,Night Ride,Ride,0.0,02,2020,0.0,True,132.7,0.0,3081
3077155133,Home workout,Workout,0.0,02,2020,0.0,False,0.0,0.0,1200
3074839124,Morning Run,Run,8.402,02,2020,58.6,True,166.0,3.208,2619
3077158315,Strength + stretch,Workout,0.0,02,2020,0.0,False,0.0,0.0,1200
3068975955,Half marathon training -6 days!,Run,8.6449,02,2020,62.2,True,173.4,3.424,2525
3056800270,Morning Run,Run,9.926,01,2020,56.6,True,159.2,3.18,3121
3054533966,Strength,Workout,0.0,01,2020,0.0,False,0.0,0.0,1800
3054364699,Treadmill,Run,6.0505,01,2020,0.0,True,156.3,3.373,1794
3051017356,Morning Run,Run,9.0692,01,2020,64.0,True,165.6,3.242,2797
3049774790,Method spin ,VirtualRide,0.0,01,2020,0.0,False,0.0,0.0,3900
3049432796,Strength + yoga,Workout,0.0,01,2020,0.0,False,0.0,0.0,2700
3045933112,Morning Run,Run,8.4694,01,2020,57.3,True,169.9,3.283,2580
3043180229,Ski part 2,NordicSki,6.8505,01,2020,160.1,False,0.0,2.255,3038
3043042540,Whistler ski!,NordicSki,10.5253,01,2020,261.4,False,0.0,2.337,4504
3038239433,Method,EBikeRide,0.0,01,2020,0.0,False,0.0,0.0,3600
3037699362,Strength + Stretch,Workout,0.0,01,2020,0.0,False,0.0,0.0,2400
3034565278,Run with max,Run,6.5,01,2020,0.0,False,0.0,2.708,2400
3032240774,Strength +stretching,Workout,0.0,01,2020,0.0,False,0.0,0.0,1500
3031238809,Morning Run,Run,7.973,01,2020,53.3,True,163.2,3.245,2457
3029666510,Night Ride,Ride,0.0,01,2020,0.0,True,149.1,0.0,3729
3026858392,"Watch died, finished the half",Run,2.1,01,2020,0.0,False,0.0,2.933,716
3026857020,Half marathon with max ,Run,19.898400000000002,01,2020,129.7,True,166.7,2.93,6792
3051068490,Climbing at the hive!,RockClimbing,0.0,01,2020,0.0,False,0.0,0.0,7200
3022457977,Morning Run,Run,6.289899999999999,01,2020,36.3,True,171.8,3.324,1892
3020223269,Treadmill round 3,Run,6.1155,01,2020,0.0,False,0.0,3.398,1800
3018251008,Yoga rave ,Yoga,0.0,01,2020,0.0,False,0.0,0.0,3600
3017797820,Workout,Workout,0.0,01,2020,0.0,False,0.0,0.0,1800
3017693036,Treadmill workout ,Run,6.1155,01,2020,0.0,False,0.0,3.398,1800
3012154996,Treadmill wasnâ€™t so bad today,Run,6.8645,01,2020,0.0,False,0.0,3.814,1800
3009467940,Night Ride,Ride,0.0,01,2020,0.0,True,134.5,0.0,3586
3051064670,Garibaldi lake ,Hike,18.0,01,2020,0.0,False,0.0,0.714,25200
2999233507,Afternoon Activity,Workout,0.0,01,2020,0.0,True,106.6,0.0,1963
2997677293,Night Ride,Ride,0.0,01,2020,0.0,True,145.1,0.0,4276
2996232611,Morning Run,Run,8.3044,01,2020,57.1,True,167.3,3.037,2734
2994126685,Run with max ,Run,7.7158999999999995,01,2020,112.3,True,174.5,2.912,2650
2988351629,Last ski â€” super slow snow ,NordicSki,7.9885,01,2020,84.0,True,152.5,2.461,3246
2982299510,Grotto,Hike,4.9663,01,2020,60.5,True,91.3,1.031,4816
2980982374,Morning Run,Run,8.253,01,2020,66.0,True,172.1,3.248,2541
2978861520,Lunch Run,Run,8.203700000000001,01,2020,60.9,True,172.3,3.327,2466
2976372645,Morning Activity,NordicSki,8.0996,01,2020,106.7,True,158.6,2.366,3423
2973710708,Skiing! We have snow!,NordicSki,8.986799999999999,01,2020,120.4,True,169.6,2.58,3483
2973710476,Morning Run,Run,6.4257,01,2020,52.3,True,170.0,3.192,2013
2970823936,Last run of 2019,Run,10.1882,12,2019,76.5,True,169.6,3.157,3227
2960365395,Lunch Run,Run,6.4176,12,2019,53.7,True,159.3,3.209,2000
2960641525,Kayla workout w/ allison,Workout,0.0,12,2019,0.0,False,0.0,0.0,1800
2958779127,Tara again ,Run,10.7885,12,2019,94.5,True,162.4,3.125,3452
2954190823,Run with Jessie ,Run,11.9116,12,2019,51.2,True,165.2,2.997,3975
2951318103,Morning Run,Run,7.7191,12,2019,65.1,True,159.7,3.175,2431
2950068415,Run with Allison ,Run,10.134,12,2019,69.2,False,0.0,3.206,3161
2941943428,Lunch Run,Run,5.1386,12,2019,25.2,True,153.9,3.463,1484
2940233962,Morning Run,Run,10.0078,12,2019,57.5,True,168.5,3.073,3257
2938088168,Night Ride,Ride,0.0,12,2019,0.0,True,151.0,0.0,3715
2937904276,Gym sesh,Workout,0.0,12,2019,0.0,False,0.0,0.0,3600
2935718890,Morning Ride,Ride,50.5523,12,2019,233.1,True,125.2,5.775,8754
2930819801,Lunch Run,Run,13.0867,12,2019,114.9,True,166.9,3.254,4022
2929201983,1000 recorded kms!,Run,5.1636999999999995,12,2019,27.6,True,156.4,3.334,1549
2926496783,Morning Run,Run,9.2874,12,2019,63.5,True,168.7,3.215,2889
2923147765,Night Ride,Ride,0.0,12,2019,0.0,True,148.9,0.0,3983
2922841087,Afternoon Run,Run,8.479700000000001,12,2019,46.2,True,166.2,3.211,2641
2917887223,Morning Run,Run,11.0939,12,2019,70.9,True,162.1,3.204,3462
2915228461,Run with Christina ,Run,9.879700000000001,12,2019,148.2,True,155.6,2.94,3361
2914311851,Method ,VirtualRide,0.0,12,2019,0.0,False,0.0,0.0,3600
2912058584,Strength work ,Workout,0.0,12,2019,0.0,False,0.0,0.0,2700
2911875518,Evening Ride,Ride,0.0,12,2019,0.0,True,134.7,0.0,882
2911014600,Fasted Run ,Run,10.0114,12,2019,62.6,True,169.6,3.024,3311
2909289628,Workout,Run,8.0396,12,2019,29.0,True,154.3,3.358,2394
2907548708,Night Ride,Ride,0.0,12,2019,0.0,True,152.3,0.0,4086
2905527253,Commute,Ride,24.0,12,2019,0.0,False,0.0,6.667,3600
2905219551,Exam season starts now ğŸ¦ƒ ,Run,10.5009,12,2019,98.8,False,0.0,3.195,3287
2902387995,Morning Ride,Ride,51.7121,11,2019,352.0,True,139.0,6.763,7646
2898665569,Night Ride,Ride,0.0,11,2019,0.0,True,138.6,0.0,3463
2896501321,Salomon night run! ,Run,12.843200000000001,11,2019,187.7,True,145.5,2.863,4486
2893864465,Workout,Run,7.7776000000000005,11,2019,49.5,True,162.7,3.338,2330
2891858522,Night Ride,Ride,0.0,11,2019,0.0,True,141.0,0.0,3430
2891546465,Lunch Run,Run,10.0127,11,2019,89.9,True,158.9,3.024,3311
2889555364,Commute,Ride,48.0,11,2019,0.0,False,0.0,6.667,7200
2889549326,Afternoon Ride,Ride,33.1252,11,2019,262.9,True,128.5,6.703,4942
2886312007,Forgot to restart my watch at the light :(,Run,1.2,11,2019,0.0,False,0.0,3.133,383
2886307067,Finding a new route,Run,10.896,11,2019,84.0,True,160.3,3.133,3478
2882429299,Night Ride,Ride,0.0,11,2019,0.0,True,143.6,0.0,3717
2878834758,Morning Run,Run,5.0075,11,2019,30.0,True,153.6,3.078,1627
2877062127,Welcome speed work ğŸ‘‹ğŸ¼ ,Run,10.1398,11,2019,60.8,True,177.7,3.427,2959
2875344351,Itâ€™s like my strava is still on Ontario time,Ride,0.0,11,2019,0.0,True,136.4,0.0,4692
2872668868,Up the hill -> gym,Run,6.2589,11,2019,88.6,True,97.6,3.292,1901
2869509086,Calm and controlled ,Run,10.0114,11,2019,58.3,True,175.5,3.206,3123
2865811607,8pm... strava wyd?,Ride,0.0,11,2019,0.0,True,142.5,0.0,3659
2881335605,Commute,Ride,12.0,11,2019,0.0,False,0.0,6.667,1800
2863187975,Starting to feel my rhythm again,Run,8.6356,11,2019,75.2,True,177.2,3.049,2832
2860931117,Regaining fitness is hard,Run,8.1431,11,2019,31.0,True,168.4,3.283,2480
2858879883,Night Ride,Ride,0.0,11,2019,0.0,True,137.8,0.0,3944
2856416282,Commute,Ride,48.0,11,2019,0.0,False,0.0,6.389,7513
2856365623,Through the inaccurate woods,Run,7.852600000000001,11,2019,71.0,False,0.0,3.23,2431
2853191458,Iâ€™ve never ridden in so much rain before ,Ride,45.9601,11,2019,442.6,True,121.1,6.581,6984
2849198539,Night Ride,Ride,0.0,11,2019,0.0,True,124.7,0.0,4777
2846395846,Fitness is a mental game,Run,6.2656,11,2019,59.2,True,162.4,3.152,1988
2841963447,Quality qualitative method,Ride,0.0,11,2019,0.0,True,127.5,0.0,3904
2839487786,School commutes (6 days this week!),Ride,72.0,11,2019,0.0,False,0.0,6.63,10860
2839455984,Afternoon Ride,Ride,24.3629,11,2019,207.7,True,127.8,6.302,3866
2836127370,Well.. today I figured out how to use the pump Iâ€™ve been carrying around for the past 5 years,Ride,45.4763,11,2019,340.1,True,129.4,6.803,6685
2833781335,Post-school stress run ,Run,10.012,11,2019,77.6,False,0.0,3.337,3000
2822713931,Bridgeport we meet again ,Ride,77.48110000000001,10,2019,348.3,True,144.7,7.029,11023
2819264796,Ubc group ride: deep cove ,Ride,60.0489,10,2019,655.5,True,125.5,5.951,10091
2814945892,Method,VirtualRide,0.0,10,2019,0.0,True,132.7,0.0,4841
2809806377,Forever easier to run up hills instead of bike,Run,6.8626000000000005,10,2019,109.0,False,0.0,3.083,2226
2789081277,First crash â€” hit a rock,Ride,45.5719,10,2019,306.0,False,0.0,7.107,6412
2753473486,Indoor practice ,Ride,0.0,09,2019,0.0,True,135.2,0.0,3586
2750975667,Jericho beach trails ,Run,10.134,09,2019,48.9,True,152.1,3.356,3020
2744203752,"Bike hair, donâ€™t care",Ride,39.1365,09,2019,452.6,True,148.5,6.773,5778
2742966751,UBC x Method spin class,Ride,0.0,09,2019,0.0,True,148.2,0.0,3842
2742901832,Run to spin class ,Run,3.4399,09,2019,37.2,True,154.8,3.224,1067
2740213655,Running in the wilderness ,Run,6.12,09,2019,55.5,True,171.9,2.768,2211
2737106732,ğŸ“š ğŸš² ğŸ“š ,Ride,37.554,09,2019,303.6,True,140.6,7.414,5065
2734770563,Afternoon Run,Run,7.214,09,2019,34.7,True,169.7,3.392,2127
2732503481,Sunset ride without the sun,Ride,32.4843,09,2019,282.8,True,137.4,7.272,4467
2728737705,UBC Group Ride,Ride,75.56219999999999,09,2019,537.5,True,124.3,7.163,10549
2725047137,To Granville and back,Run,10.697799999999999,09,2019,62.1,True,158.1,3.168,3377
2720669988,Campus loops,Ride,30.186,09,2019,204.4,True,154.0,8.052,3749
2715119149,Afternoon Run,Run,9.518600000000001,09,2019,49.3,True,151.6,3.373,2822
2712366861,Lunch Ride,Ride,32.673,09,2019,311.5,True,138.9,7.227,4521
2708625689,First group ride with UBC,Ride,55.466699999999996,09,2019,480.2,True,115.6,6.148,9022
2704896736,Morning Run,Run,10.139700000000001,09,2019,56.2,True,159.7,3.228,3141
2700892325,Evening Run,Run,7.1298,09,2019,46.7,True,163.1,3.463,2059
2697989250,Lulu run club ,Run,3.1984,09,2019,41.1,True,138.8,2.806,1140
2694856325,Within the raindrops ,Run,5.1587,09,2019,26.8,True,167.6,3.414,1511
2692091899,Happy Belated 22k ğŸ‰,Run,22.0119,09,2019,145.4,True,155.0,3.174,6935
2684963441,Morning Ride,Ride,33.190599999999996,09,2019,309.1,True,137.3,7.241,4584
2683164610,Detour commute home ,Ride,29.9952,09,2019,240.6,True,138.2,7.284,4118
2682036151,Smiling at other runners like yeah I know youâ€™re suffering too,Run,6.7485,09,2019,37.9,True,156.5,3.279,2058
2677993578,Lulu run club ,Run,12.0254,09,2019,113.2,True,145.0,2.974,4043
2673627058,Morning Ride,Ride,47.3946,09,2019,433.8,True,131.5,6.881,6888
2667552823,Morning Run,Run,8.2771,08,2019,36.4,True,147.2,3.168,2613
2663001356,Cypress + Stanley loops,Ride,100.272,08,2019,1664.9,True,145.1,6.216,16131
2657318794,Afternoon Run,Run,9.6129,08,2019,85.4,True,159.7,3.18,3023
2654579818,Run with Kathryn ,Run,5.0116000000000005,08,2019,40.6,True,142.2,3.2,1566
2653250589,Drowned on my way to Stanley Park ,Run,7.1516,08,2019,48.6,True,149.8,3.229,2215
2650983568,Stanley Park,Ride,44.1501,08,2019,458.4,True,137.5,6.889,6409
2648370053,Mt. Gardner,Hike,15.329600000000001,08,2019,762.8,False,0.0,1.173,13068
2644477236,Workout,Run,6.3223,08,2019,33.4,True,155.1,3.216,1966
2642463125,Horseshoe Bay,Ride,75.1635,08,2019,897.4,True,128.9,6.195,12132
2640107472,Ebikes be flexing ,Ride,60.5076,08,2019,558.1,True,137.3,7.121,8497
2634122744,Laps around Stanley ,Ride,48.0114,08,2019,503.7,True,135.1,6.652,7218
2633220265,Stanley Park ,Run,10.0739,08,2019,117.4,True,166.0,3.253,3097
2631352720,Demo with Brandon,Ride,80.609,08,2019,1004.5,True,144.4,6.351,12692
2625048421,Suffer part 2,Ride,17.11,08,2019,76.6,False,0.0,6.744,2537
2624985640,Last suffer before Vancouver ,Ride,124.151,08,2019,1025.1,True,126.3,6.477,19169
2622335199,Chilly ride ,Ride,32.0595,08,2019,181.2,True,140.8,7.54,4252
2621623063,Sauble Falls,Ride,33.317699999999995,08,2019,149.5,True,132.7,7.353,4531
2619003380,Espresso ride w/ Jessie,Ride,64.605,08,2019,450.7,True,142.0,7.302,8847
2616079029,Port Elgin Harbour Run,Run,12.5447,08,2019,25.5,True,153.2,3.193,3929
2611091676,Visiting Bwyn ğŸ’•,Ride,57.1179,08,2019,142.7,False,0.0,7.853,7273
2607873113,Dropping the kids off,Ride,32.358200000000004,08,2019,183.9,True,136.0,7.692,4207
2605421675,Evening Run,Run,8.1301,08,2019,62.6,True,154.6,3.284,2476
2602531914,Homegrown hometown,Run,8.9941,08,2019,21.8,True,163.8,3.211,2801
2599532866,Visiting allison at work,Ride,101.342,08,2019,502.8,True,133.5,7.158,14157
2595946491,Morning Run,Run,6.4319,08,2019,45.3,True,169.2,3.479,1849
2591588622,Afternoon Ride ,Ride,50.927699999999994,08,2019,350.7,True,128.7,6.642,7667
2588124284,Lunch Ride,Ride,107.998,08,2019,792.2,True,137.5,7.194,15013
2576892156,Strava you know how to motivate ,Ride,75.77860000000001,07,2019,593.9,True,120.4,6.333,11965
2572748238,Hills are hard,Ride,76.56389999999999,07,2019,451.2,True,123.8,6.948,11019
2571223399,Georgian Bay,Ride,100.107,07,2019,566.5,True,147.5,7.774,12877
2564952233,"Decaf espresso: all fashion, no function",Ride,75.0735,07,2019,479.7,True,137.8,7.479,10038
2562520871,Morning Ride,Ride,70.4623,07,2019,525.3,True,131.9,6.847,10291
2559069106,Morning Run,Run,7.079,07,2019,55.5,True,157.1,3.347,2115
2557770440,Afternoon Ride,Ride,72.0741,07,2019,505.5,True,126.1,7.079,10181
2554950585,â€œIt wonâ€™t rainâ€,Ride,35.8382,07,2019,257.1,True,117.4,6.06,5914
2552242557,Bird attack ğŸ¦ ,Ride,32.4039,07,2019,247.0,True,150.3,7.612,4257
2552095002,Afternoon Ride,Ride,31.7954,07,2019,235.9,True,137.8,7.574,4198
2548570884,How to get: baked,Ride,115.552,07,2019,838.1,False,0.0,6.522,17716
2542832898,"Jack is fast, Lauren needs some work ",Ride,110.98,07,2019,798.8,False,0.0,7.697,14419
2540621279,This weather is thiccc,Run,10.2466,07,2019,60.6,True,168.7,3.361,3049
2536546209,Morning Run,Run,10.28,07,2019,60.5,True,160.9,3.421,3005
2535483532,Afternoon Ride,Ride,66.967,07,2019,554.5,True,126.8,6.744,9930
2528780173,Fuelled by strong espresso ,Ride,113.105,07,2019,765.6,False,0.0,6.468,17487
2525646001,Morning Ride,Ride,53.5219,07,2019,447.8,True,131.2,7.076,7564
2521420281,Hayley & I love to suffer ,Run,9.628200000000001,07,2019,63.7,True,143.5,2.926,3291
2518986783,"Walked up some mountains, biked down some hills ",Ride,105.69,07,2019,857.3,False,0.0,6.375,16580
2515726815,A potato on wheels,Ride,38.2674,07,2019,325.9,True,144.3,7.288,5251
2513341443,Afternoon Run,Run,7.088,07,2019,51.5,True,163.4,3.483,2035
2508969286,Balmy Beach Loop,Ride,79.0798,07,2019,529.0,True,128.7,6.908,11448
2506057732,Morning Run,Run,11.74,07,2019,69.4,True,161.8,3.164,3710
2505046790,Can confirm it is hot out there ,Run,10.1236,07,2019,60.1,True,176.4,3.519,2877
2500388867,Running >> Midterms ,Run,10.2693,07,2019,60.5,True,167.1,3.422,3001
2493472718,Gold,Run,7.0702,06,2019,50.8,True,170.1,3.532,2002
2489881698,So foggy,Ride,80.69460000000001,06,2019,539.9,True,137.3,7.101,11364
2487074739,Morning Run,Run,9.3386,06,2019,63.2,True,163.0,3.418,2732
2484947468,Allison and I â˜€ï¸ ,Ride,10.6561,06,2019,79.7,True,104.3,4.8,2220
2484668643,Morning tempo,Run,7.0571,06,2019,53.5,True,172.5,3.718,1898
2483297507,Afternoon Ride,Ride,48.6631,06,2019,299.2,True,122.2,6.165,7894
2480521338,Cycling,Ride,58.5,06,2019,0.0,False,0.0,6.101,9588
2476436026,Sunscreen is a good idea ,Run,10.457,06,2019,62.8,False,0.0,3.306,3163
2472329846,Morning Ride,Ride,207.682,06,2019,1165.4,False,0.0,6.282,33060
2467984392,ty apple music ,Run,6.9975,06,2019,50.6,True,165.0,3.403,2056
2466365240,Half & Half,Ride,51.697199999999995,06,2019,418.2,True,135.3,7.016,7368
2460858008,Left right leg,Ride,63.9526,06,2019,514.3,True,130.9,7.016,9115
2458758323,Afternoon Run,Run,11.537700000000001,06,2019,74.1,True,161.5,3.384,3409
2451849457,Rushing ,Run,6.916300000000001,06,2019,51.5,True,161.7,3.384,2044
2449130163,â€œLetâ€™s get itâ€ - guy on trail ,Run,7.001600000000001,06,2019,27.7,True,169.1,3.279,2135
2446772965,Morning Run,Run,7.1334,06,2019,44.1,True,158.4,3.257,2190
2443925326,Morning Run,Run,7.5136,06,2019,57.4,True,163.6,3.336,2252
2443100038,Evening ride: Part 2,Ride,27.086,06,2019,223.7,False,0.0,6.818,3973
2443144332,Evening ride: Part 1,Ride,77.0601,06,2019,493.1,True,134.3,6.528,11804
2437156023,Evening out the tan lines ,Run,14.4441,06,2019,99.2,True,167.7,3.293,4386
2433841486,To the boat!,Ride,77.59830000000001,06,2019,393.7,True,132.5,7.284,10653
2429135429,Lunch Ride,Ride,54.4786,06,2019,431.7,True,131.2,7.054,7723
2425728547,Happy Global Running Day!,Run,8.8369,06,2019,54.1,True,158.3,3.047,2900
2423991863,Rewind,Run,10.094299999999999,06,2019,59.6,True,164.4,3.328,3033
2419916762,Morning Run,Run,10.054,06,2019,59.0,True,168.8,3.379,2975
2418757502,Afternoon Ride,Ride,52.1186,06,2019,388.0,True,132.4,6.52,7994
2415267898,Morning Ride,Ride,48.7158,06,2019,408.8,True,134.5,6.525,7466
2409833914,Lunch Ride,Ride,35.3693,05,2019,342.8,True,133.3,6.709,5272
2406072571,Morning Run,Run,6.937,05,2019,41.4,True,156.4,3.243,2139
2403992535,Morning Run,Run,6.9432,05,2019,47.2,True,169.1,3.228,2151
2399316547,Cool down,Run,2.0105999999999997,05,2019,18.7,True,145.0,2.781,723
2399168074,OTTAWA 1/2 MARATHON,Run,21.6603,05,2019,124.9,True,170.0,3.626,5974
2396079128,Shake out,Run,6.0876,05,2019,53.6,True,146.7,2.839,2144
2393154934,Morning Run,Run,7.301399999999999,05,2019,47.2,True,142.1,3.02,2418
2390398569,Morning Ride,Ride,30.110400000000002,05,2019,226.0,True,119.9,6.277,4797
2387587999,Morning Run,Run,6.655399999999999,05,2019,45.1,True,172.3,3.229,2061
2384986896,If you turn it on its side it looks like a snail ğŸŒ ,Run,6.3666,05,2019,35.6,True,166.5,3.388,1879
2382713756,Nice spin along Georgian Bay,Ride,77.2359,05,2019,393.3,True,137.2,7.091,10892
2378244019,Coffee date with dad ,Ride,25.2568,05,2019,160.7,True,108.0,5.751,4392
2377113554,Morning Run,Run,10.485100000000001,05,2019,84.8,True,160.1,3.328,3151
2372761526,Favourite loop,Ride,37.713699999999996,05,2019,334.1,True,154.1,7.576,4978
2371954537,Morning Run,Run,6.3078,05,2019,21.2,True,177.1,3.092,2040
2369460618,Steph & I,Run,7.4799,05,2019,55.4,True,158.6,3.153,2372
2368357580,Watching the pros in the distance ,Ride,47.9006,05,2019,399.7,True,125.9,6.503,7366
2363895495,Getting used to running in the rain ,Run,7.0562,05,2019,51.3,True,151.5,3.183,2217
2362933078,Afternoon Run,Run,6.6606000000000005,05,2019,38.5,True,150.7,3.309,2013
2358591248,Morning Run,Run,10.2593,05,2019,60.6,True,166.1,3.24,3166
2356000024,Morning Ride,Ride,28.468799999999998,05,2019,296.0,True,119.0,5.555,5125
2354676501,Run w/ hayley,Run,15.3285,05,2019,102.3,True,143.3,2.975,5153
2352393718,ğŸ§—â€â™€ï¸-> ğŸƒğŸ½â€â™€ï¸ ,Run,6.198,05,2019,32.4,True,166.7,3.293,1882
2352313957,Run -> climb,Run,6.5448,05,2019,22.7,True,172.2,3.326,1968
2350004870,Run ice repeat,Run,7.9112,05,2019,53.0,True,165.0,3.375,2344
2347427847,With help from jeremy ,Ride,34.0822,05,2019,246.7,True,132.1,6.153,5539
2343129781,Getting lost in streets that all look the same and with names I canâ€™t pronounce ,Run,8.7187,05,2019,83.8,True,161.4,3.066,2844
2341946943,Run fuelled by overpriced avocado toast and spontaneous waterfalls ,Run,9.2326,05,2019,89.5,True,163.1,3.223,2865
2339404004,Gore-Tex coming in clutch ,Run,8.4084,05,2019,166.9,True,169.5,3.35,2510
2334838685,Evening Walk,Walk,3.2918000000000003,05,2019,21.8,True,82.5,1.058,3110
2332453589,Morning Run,Run,6.4233,05,2019,38.1,True,152.6,2.959,2171
2329886921,Morning Run,Run,6.2133,04,2019,164.7,True,163.7,3.18,1954
2329128491,Iceland! ğŸ‡®ğŸ‡¸ ,Run,7.0588,04,2019,16.8,True,174.5,3.447,2048
2325380617,Cycling with a real life twin! ,Ride,24.702599999999997,04,2019,200.2,True,134.2,5.951,4151
2322883841,Simulating pain,Run,21.3182,04,2019,148.6,True,165.2,3.327,6407
2319206753,Afternoon Ride,Ride,45.587,04,2019,384.5,True,124.6,6.48,7035
2316606727,Afternoon Run,Run,7.8685,04,2019,60.8,True,151.2,3.363,2340
2312207385,Morning Run,Run,7.753,04,2019,56.7,True,164.6,3.229,2401
2309962523,Morning Run,Run,8.167,04,2019,63.0,True,166.8,3.401,2401
2307821207,Lunch Run,Run,7.2542,04,2019,59.0,True,168.7,3.445,2106
2303085141,Afternoon Ride,Ride,23.5035,04,2019,154.3,True,142.1,6.52,3605
2301419695,Nice lil morning swim,Run,6.2123,04,2019,28.3,True,157.1,3.125,1988
2300348485,6666,Run,9.99,04,2019,62.1,True,161.4,3.334,2996
2296344145,Morning Run,Run,6.1932,04,2019,36.7,True,158.1,3.191,1941
2295373701,Heart beating but Iâ€™m barely breathing ,Ride,0.0,04,2019,0.0,True,123.2,0.0,2757
2292264326,Morning Run,Run,6.2747,04,2019,41.4,True,165.2,3.248,1932
2290029741,Lunch Ride,Ride,0.0,04,2019,0.0,True,121.7,0.0,1208
2287130820,Run with hayley,Run,6.5668,04,2019,52.3,True,167.8,3.2,2052
2282926153,Afternoon Run,Run,6.0764,04,2019,32.5,True,134.5,3.402,1786
2280596294,Workout,Run,9.2719,04,2019,84.3,False,0.0,3.167,2928
2278045459,Afternoon Run,Run,6.013,04,2019,32.1,True,148.6,3.317,1813
2273257521,Afternoon Run,Run,4.5951,04,2019,19.9,False,0.0,3.505,1311
2273210478,Afternoon Run,Run,1.5281,04,2019,6.4,True,160.6,3.337,458
2267517840,Afternoon Run,Run,6.269399999999999,04,2019,31.9,True,151.8,3.31,1894
2265436234,Afternoon Run,Run,6.1071,04,2019,31.6,True,153.5,3.339,1829
2248236355,Evening Ride,Ride,0.0,03,2019,0.0,True,147.2,0.0,2205
2247968725,Afternoon Run,Run,6.376600000000001,03,2019,45.7,True,152.8,3.397,1877
2245715854,Shorts weather we got you,Run,14.3625,03,2019,103.3,True,180.7,3.512,4090
2236650600,Morning Run,Run,5.6216,03,2019,31.7,True,182.1,3.274,1717
2234431972,Morning Run,Run,11.7981,03,2019,90.5,True,162.9,3.151,3744
2230399624,Welcome to Emma and Iâ€™s funeral,Run,8.5115,03,2019,65.5,True,158.5,3.439,2475
2225657187,Afternoon Run,Run,6.4688,03,2019,38.8,True,173.3,3.47,1864
2223056126,Afternoon Run,Run,6.906899999999999,03,2019,43.7,True,178.5,3.553,1944
2213979101,Afternoon Run,Run,5.3914,03,2019,42.1,True,159.7,3.374,1598
2209402016,Afternoon Run,Run,7.2741999999999996,03,2019,51.4,True,174.7,3.195,2277
2201544684,Morning Run,Run,6.642600000000001,03,2019,45.6,True,162.9,3.239,2051
2200072394,Afternoon Run,Run,10.5148,03,2019,78.8,True,179.1,3.494,3009
1984821144,Afternoon Run,Run,9.1928,11,2018,64.5,True,170.4,3.199,2874
1984821138,Morning Run,Run,10.260200000000001,11,2018,67.8,True,158.2,3.117,3292
1972574506,Morning Run,Run,11.0049,11,2018,92.4,True,170.5,3.23,3407
1970415138,Afternoon Run,Run,9.887,11,2018,73.2,False,0.0,3.444,2871
1966198535,Morning Run,Run,10.3741,11,2018,78.2,True,153.0,3.271,3172
1964164336,Morning Run,Run,10.7062,11,2018,74.7,False,0.0,3.264,3280
1963109047,Afternoon Run,Run,9.687299999999999,11,2018,62.4,False,0.0,3.428,2826
1960295333,Nationals! USports,Run,10.5,11,2018,0.0,False,0.0,3.704,2835
1955391557,Pre-Nationals,Run,4.355600000000001,11,2018,41.4,False,0.0,3.238,1345
1952208970,Workout,Run,9.172600000000001,11,2018,64.1,True,173.3,3.359,2731
1949270589,Morning Run,Run,5.4773000000000005,11,2018,41.9,True,168.0,3.247,1687
1948455592,Workout,Run,12.0,11,2018,0.0,False,0.0,3.333,3600
1946149847,Lunch Run,Run,11.328,11,2018,79.9,True,162.1,3.429,3304
1943571761,Workout,Run,12.3416,11,2018,81.5,True,155.2,3.352,3682
1939523292,Morning Run,Run,10.439,11,2018,80.6,True,165.2,3.298,3165
1938517657,Workout,Run,11.7812,10,2018,106.8,True,169.5,3.207,3674
1935813378,Morning Run,Run,10.6842,10,2018,83.7,False,0.0,3.415,3129
1935039637,Workout,Run,14.2349,10,2018,68.8,True,144.8,3.573,3984
1933343344,OUAs Western ,Run,13.5,10,2018,0.0,False,0.0,3.333,4050
1926653518,Morning Run,Run,5.3199,10,2018,30.1,True,159.0,3.346,1590
1925544846,Workout,Run,12.103,10,2018,158.4,True,152.7,3.215,3764
1922601831,Morning Run,Run,6.1595,10,2018,42.1,True,162.2,3.37,1828
1921589134,workout,Run,12.510399999999999,10,2018,155.9,True,149.7,3.142,3982
1919847049,Afternoon Run,Run,8.5282,10,2018,40.1,True,145.5,3.131,2724
1916467148,Columbia Lake Workout ,Run,13.032399999999999,10,2018,113.6,True,173.5,3.349,3892
1912324798,Morning Run,Run,9.0136,10,2018,74.9,True,139.6,3.067,2939
1911427965,FIRST SNOWFALL IM SO EXCITED,Run,14.5,10,2018,0.0,False,0.0,3.226,4495
1908188394,Morning Run,Run,10.232899999999999,10,2018,79.7,True,150.1,3.345,3059
1908195168,practice ,Run,16.5,10,2018,0.0,False,0.0,3.226,5115
1901907167,Morning Run,Run,9.0891,10,2018,68.6,True,114.6,3.05,2980
1900877909,Hamilton Race,Run,14.0,10,2018,0.0,False,0.0,3.333,4200
1898042392,Morning Run,Run,5.7041,10,2018,34.9,True,144.2,3.045,1873
1897231653,workout,Run,14.3,10,2018,0.0,False,0.0,3.333,4290
1893868931,Morning Run,Run,8.7901,10,2018,27.3,True,159.8,3.199,2748
1892057956,workout w. jess,Run,11.8032,10,2018,53.1,True,163.4,2.043,5777
1890836056,Sunday Cycle,Ride,101.437,10,2018,536.5,True,118.3,6.163,16460
1887387810,Morning Run,Run,10.103299999999999,10,2018,76.7,True,150.7,3.202,3155
1884718450,Evening Run,Run,9.7128,10,2018,70.8,True,160.3,3.368,2884
1882667534,practice,Run,15.0,10,2018,0.0,False,0.0,3.3,4545
1879184529,Morning Run,Run,8.344899999999999,10,2018,62.7,True,164.8,2.913,2865
1878584074,Recovery practice ,Run,15.0,10,2018,0.0,False,0.0,3.03,4950
1874071673,Don Mills Open,Run,10.0,09,2018,0.0,False,0.0,3.333,3000
1869020084,Morning Run,Run,11.0238,09,2018,94.1,True,166.6,3.323,3317
1868084306,workout,Run,14.0202,09,2018,206.7,True,167.3,3.347,4189
1864898236,Morning Run,Run,8.7452,09,2018,65.1,True,168.9,3.232,2706
1863733812,workout,Run,16.7617,09,2018,284.7,True,165.6,3.21,5221
1861916683,Afternoon Run,Run,13.846,09,2018,97.4,True,146.1,3.297,4199
1859077937,Race: Western ,Run,6.0,09,2018,0.0,False,0.0,4.219,1422
1859079439,WarmUp/CoolDown,Run,4.0,09,2018,0.0,False,0.0,3.03,1320
1854414407,Morning Run,Run,10.4233,09,2018,86.2,True,162.7,3.461,3012
1853239286,10x3min + 10x1min ,Run,15.9221,09,2018,208.2,True,153.0,2.48,6419
1850350449,Lane Swim ,Swim,1.9,09,2018,0.0,False,0.0,0.633,3000
1848840066,workout ,Run,14.565,09,2018,247.8,True,157.8,3.201,4550
1845718584,Sunday Long Run ,Run,14.1582,09,2018,103.2,False,0.0,3.277,4321
1844098514,Queens Race,Run,12.0,09,2018,0.0,False,0.0,3.571,3360
1838892712,Morning Run,Run,10.824,09,2018,66.4,True,151.1,3.24,3341
1837792325,Workout,Run,17.0,09,2018,0.0,False,0.0,3.148,5400
1834626595,Run w/ Hayley,Run,9.001100000000001,09,2018,86.0,True,148.7,3.085,2918
1833466303,WORKOUT,Run,15.0,09,2018,0.0,False,0.0,3.333,4500
1831041372,Afternoon Run,Run,11.5837,09,2018,83.8,True,159.1,3.38,3427
1827730856,Cool Down,Run,3.0,09,2018,0.0,False,0.0,2.941,1020
1827720712,Time Trial 5k,Run,5.0,09,2018,0.0,False,0.0,3.894,1284
1827718267,Warm Up Jog,Run,3.1544,09,2018,39.7,False,0.0,3.132,1007
1825528296,shake out run,Run,5.5,09,2018,0.0,False,0.0,3.056,1800
1823296432,Morning Run,Run,9.0691,09,2018,78.5,True,159.3,3.223,2814
1823204304,Workout,Run,12.3481,09,2018,177.7,True,157.9,3.03,4075
1817877045,Last run in Van,Run,11.2,09,2018,0.0,False,0.0,3.306,3388
1813114312,Sunset Run,Run,10.358600000000001,09,2018,114.5,False,0.0,3.477,2979
1810327480,Lunch Run,Run,8.6707,08,2018,114.2,True,156.1,3.171,2734
1808583298,Run with bwyn,Run,10.155100000000001,08,2018,93.5,True,153.1,3.27,3106
1805829397,Tofino Trail,Run,14.1317,08,2018,139.8,False,0.0,3.277,4313
1802979747,Morning Run,Run,9.6619,08,2018,166.0,True,147.9,3.192,3027
1801274333,Horseshoe Bay,Ride,69.8843,08,2018,1131.0,False,0.0,5.729,12199
1799933180,Afternoon Run,Run,10.449200000000001,08,2018,112.0,False,0.0,3.33,3138
1795121459,Marmot Basin Climb,Ride,47.0811,08,2018,827.0,False,0.0,6.119,7694
1792533936,Waterfowl to Jasper,Ride,173.2,08,2018,0.0,False,0.0,6.561,26400
1792524230,Lake Louise to Waterfowl Lake,Ride,60.2,08,2018,0.0,False,0.0,6.271,9600
1786479403,Banff to Lake Louise,Ride,60.7744,08,2018,530.8,False,0.0,6.859,8860
1784394272,Morning Run,Run,3.6009,08,2018,119.7,True,163.5,2.815,1279
1778561527,Sword Fern Trail,Run,10.4231,08,2018,182.9,True,156.8,3.012,3460
1775259146,Afternoon Ride,Ride,69.737,08,2018,1193.0,True,125.4,5.703,12228
1772929651,Afternoon Run,Run,9.955200000000001,08,2018,77.2,True,159.8,3.277,3038
1770411131,WORKOUT,Run,13.2637,08,2018,218.5,True,161.0,3.449,3846
1767034770,Morning Ride,Ride,45.9209,08,2018,389.6,False,0.0,6.425,7147
1765332954,Lunch Run,Run,17.8055,08,2018,169.7,True,159.7,3.209,5548
1760390994,Morning Run,Run,11.3286,08,2018,81.5,True,155.5,3.235,3502
1759534969,Practice,Run,10.975200000000001,08,2018,151.9,True,153.3,3.198,3432
1756897709,Afternoon Run,Run,10.1407,08,2018,72.3,True,161.3,3.338,3038
1754810715,shake out run,Run,6.0,08,2018,0.0,False,0.0,3.333,1800
1752110324,Shore to Shore ,Ride,119.119,08,2018,568.2,False,0.0,6.611,18017
1749111752,Forgot my watch charger :(,Run,10.2998,08,2018,0.0,False,0.0,3.366,3060
1747802816,Afternoon Run,Run,10.4108,08,2018,74.2,True,162.3,3.464,3005
1744862333,Workout (aggregate) w/ Hayley,Run,9.8378,08,2018,129.4,True,171.7,3.168,3105
1740928647,Afternoon Ride,Ride,31.638,07,2018,281.9,True,124.0,6.598,4795
1739747364,Morning Run,Run,6.2878,07,2018,39.9,True,163.3,3.19,1971
1738830400,Workout w/ Hayley (aggregate),Run,12.1579,07,2018,160.6,True,150.6,3.204,3795
1736013559,Morning Run,Run,9.9659,07,2018,71.9,True,166.0,3.428,2907
1734187294,Afternoon Run,Run,9.9534,07,2018,72.4,True,165.1,3.466,2872
1733146083,Morning Ride,Ride,45.4141,07,2018,385.7,True,114.7,6.266,7248
1731074758,On-day Ride,Ride,37.9687,07,2018,341.0,True,130.0,6.685,5680
1730276328,Off-day Run,Run,10.15,07,2018,0.0,False,0.0,3.524,2880
1657831914,Morning Long Run,Run,19.28,06,2018,0.0,False,0.0,0.0,0
1654048386,Morning Run,Run,10.0,06,2018,8.0,False,0.0,3.401,2940
